test_id,PM2.5,PM10,O3
dongsi_aq#0,0,0,0
dongsi_aq#1,0,0,0
dongsi_aq#2,0,0,0
dongsi_aq#3,0,0,0
dongsi_aq#4,0,0,0
dongsi_aq#5,0,0,0
dongsi_aq#6,0,0,0
dongsi_aq#7,0,0,0
dongsi_aq#8,0,0,0
dongsi_aq#9,0,0,0
dongsi_aq#10,0,0,0
dongsi_aq#11,0,0,0
dongsi_aq#12,0,0,0
dongsi_aq#13,0,0,0
dongsi_aq#14,0,0,0
dongsi_aq#15,0,0,0
dongsi_aq#16,0,0,0
dongsi_aq#17,0,0,0
dongsi_aq#18,0,0,0
dongsi_aq#19,0,0,0
dongsi_aq#20,0,0,0
dongsi_aq#21,0,0,0
dongsi_aq#22,0,0,0
dongsi_aq#23,0,0,0
dongsi_aq#24,0,0,0
dongsi_aq#25,0,0,0
dongsi_aq#26,0,0,0
dongsi_aq#27,0,0,0
dongsi_aq#28,0,0,0
dongsi_aq#29,0,0,0
dongsi_aq#30,0,0,0
dongsi_aq#31,0,0,0
dongsi_aq#32,0,0,0
dongsi_aq#33,0,0,0
dongsi_aq#34,0,0,0
dongsi_aq#35,0,0,0
dongsi_aq#36,0,0,0
dongsi_aq#37,0,0,0
dongsi_aq#38,0,0,0
dongsi_aq#39,0,0,0
dongsi_aq#40,0,0,0
dongsi_aq#41,0,0,0
dongsi_aq#42,0,0,0
dongsi_aq#43,0,0,0
dongsi_aq#44,0,0,0
dongsi_aq#45,0,0,0
dongsi_aq#46,0,0,0
dongsi_aq#47,0,0,0
tiantan_aq#0,0,0,0
tiantan_aq#1,0,0,0
tiantan_aq#2,0,0,0
tiantan_aq#3,0,0,0
tiantan_aq#4,0,0,0
tiantan_aq#5,0,0,0
tiantan_aq#6,0,0,0
tiantan_aq#7,0,0,0
tiantan_aq#8,0,0,0
tiantan_aq#9,0,0,0
tiantan_aq#10,0,0,0
tiantan_aq#11,0,0,0
tiantan_aq#12,0,0,0
tiantan_aq#13,0,0,0
tiantan_aq#14,0,0,0
tiantan_aq#15,0,0,0
tiantan_aq#16,0,0,0
tiantan_aq#17,0,0,0
tiantan_aq#18,0,0,0
tiantan_aq#19,0,0,0
tiantan_aq#20,0,0,0
tiantan_aq#21,0,0,0
tiantan_aq#22,0,0,0
tiantan_aq#23,0,0,0
tiantan_aq#24,0,0,0
tiantan_aq#25,0,0,0
tiantan_aq#26,0,0,0
tiantan_aq#27,0,0,0
tiantan_aq#28,0,0,0
tiantan_aq#29,0,0,0
tiantan_aq#30,0,0,0
tiantan_aq#31,0,0,0
tiantan_aq#32,0,0,0
tiantan_aq#33,0,0,0
tiantan_aq#34,0,0,0
tiantan_aq#35,0,0,0
tiantan_aq#36,0,0,0
tiantan_aq#37,0,0,0
tiantan_aq#38,0,0,0
tiantan_aq#39,0,0,0
tiantan_aq#40,0,0,0
tiantan_aq#41,0,0,0
tiantan_aq#42,0,0,0
tiantan_aq#43,0,0,0
tiantan_aq#44,0,0,0
tiantan_aq#45,0,0,0
tiantan_aq#46,0,0,0
tiantan_aq#47,0,0,0
guanyuan_aq#0,0,0,0
guanyuan_aq#1,0,0,0
guanyuan_aq#2,0,0,0
guanyuan_aq#3,0,0,0
guanyuan_aq#4,0,0,0
guanyuan_aq#5,0,0,0
guanyuan_aq#6,0,0,0
guanyuan_aq#7,0,0,0
guanyuan_aq#8,0,0,0
guanyuan_aq#9,0,0,0
guanyuan_aq#10,0,0,0
guanyuan_aq#11,0,0,0
guanyuan_aq#12,0,0,0
guanyuan_aq#13,0,0,0
guanyuan_aq#14,0,0,0
guanyuan_aq#15,0,0,0
guanyuan_aq#16,0,0,0
guanyuan_aq#17,0,0,0
guanyuan_aq#18,0,0,0
guanyuan_aq#19,0,0,0
guanyuan_aq#20,0,0,0
guanyuan_aq#21,0,0,0
guanyuan_aq#22,0,0,0
guanyuan_aq#23,0,0,0
guanyuan_aq#24,0,0,0
guanyuan_aq#25,0,0,0
guanyuan_aq#26,0,0,0
guanyuan_aq#27,0,0,0
guanyuan_aq#28,0,0,0
guanyuan_aq#29,0,0,0
guanyuan_aq#30,0,0,0
guanyuan_aq#31,0,0,0
guanyuan_aq#32,0,0,0
guanyuan_aq#33,0,0,0
guanyuan_aq#34,0,0,0
guanyuan_aq#35,0,0,0
guanyuan_aq#36,0,0,0
guanyuan_aq#37,0,0,0
guanyuan_aq#38,0,0,0
guanyuan_aq#39,0,0,0
guanyuan_aq#40,0,0,0
guanyuan_aq#41,0,0,0
guanyuan_aq#42,0,0,0
guanyuan_aq#43,0,0,0
guanyuan_aq#44,0,0,0
guanyuan_aq#45,0,0,0
guanyuan_aq#46,0,0,0
guanyuan_aq#47,0,0,0
wanshouxigong_aq#0,0,0,0
wanshouxigong_aq#1,0,0,0
wanshouxigong_aq#2,0,0,0
wanshouxigong_aq#3,0,0,0
wanshouxigong_aq#4,0,0,0
wanshouxigong_aq#5,0,0,0
wanshouxigong_aq#6,0,0,0
wanshouxigong_aq#7,0,0,0
wanshouxigong_aq#8,0,0,0
wanshouxigong_aq#9,0,0,0
wanshouxigong_aq#10,0,0,0
wanshouxigong_aq#11,0,0,0
wanshouxigong_aq#12,0,0,0
wanshouxigong_aq#13,0,0,0
wanshouxigong_aq#14,0,0,0
wanshouxigong_aq#15,0,0,0
wanshouxigong_aq#16,0,0,0
wanshouxigong_aq#17,0,0,0
wanshouxigong_aq#18,0,0,0
wanshouxigong_aq#19,0,0,0
wanshouxigong_aq#20,0,0,0
wanshouxigong_aq#21,0,0,0
wanshouxigong_aq#22,0,0,0
wanshouxigong_aq#23,0,0,0
wanshouxigong_aq#24,0,0,0
wanshouxigong_aq#25,0,0,0
wanshouxigong_aq#26,0,0,0
wanshouxigong_aq#27,0,0,0
wanshouxigong_aq#28,0,0,0
wanshouxigong_aq#29,0,0,0
wanshouxigong_aq#30,0,0,0
wanshouxigong_aq#31,0,0,0
wanshouxigong_aq#32,0,0,0
wanshouxigong_aq#33,0,0,0
wanshouxigong_aq#34,0,0,0
wanshouxigong_aq#35,0,0,0
wanshouxigong_aq#36,0,0,0
wanshouxigong_aq#37,0,0,0
wanshouxigong_aq#38,0,0,0
wanshouxigong_aq#39,0,0,0
wanshouxigong_aq#40,0,0,0
wanshouxigong_aq#41,0,0,0
wanshouxigong_aq#42,0,0,0
wanshouxigong_aq#43,0,0,0
wanshouxigong_aq#44,0,0,0
wanshouxigong_aq#45,0,0,0
wanshouxigong_aq#46,0,0,0
wanshouxigong_aq#47,0,0,0
aotizhongxin_aq#0,0,0,0
aotizhongxin_aq#1,0,0,0
aotizhongxin_aq#2,0,0,0
aotizhongxin_aq#3,0,0,0
aotizhongxin_aq#4,0,0,0
aotizhongxin_aq#5,0,0,0
aotizhongxin_aq#6,0,0,0
aotizhongxin_aq#7,0,0,0
aotizhongxin_aq#8,0,0,0
aotizhongxin_aq#9,0,0,0
aotizhongxin_aq#10,0,0,0
aotizhongxin_aq#11,0,0,0
aotizhongxin_aq#12,0,0,0
aotizhongxin_aq#13,0,0,0
aotizhongxin_aq#14,0,0,0
aotizhongxin_aq#15,0,0,0
aotizhongxin_aq#16,0,0,0
aotizhongxin_aq#17,0,0,0
aotizhongxin_aq#18,0,0,0
aotizhongxin_aq#19,0,0,0
aotizhongxin_aq#20,0,0,0
aotizhongxin_aq#21,0,0,0
aotizhongxin_aq#22,0,0,0
aotizhongxin_aq#23,0,0,0
aotizhongxin_aq#24,0,0,0
aotizhongxin_aq#25,0,0,0
aotizhongxin_aq#26,0,0,0
aotizhongxin_aq#27,0,0,0
aotizhongxin_aq#28,0,0,0
aotizhongxin_aq#29,0,0,0
aotizhongxin_aq#30,0,0,0
aotizhongxin_aq#31,0,0,0
aotizhongxin_aq#32,0,0,0
aotizhongxin_aq#33,0,0,0
aotizhongxin_aq#34,0,0,0
aotizhongxin_aq#35,0,0,0
aotizhongxin_aq#36,0,0,0
aotizhongxin_aq#37,0,0,0
aotizhongxin_aq#38,0,0,0
aotizhongxin_aq#39,0,0,0
aotizhongxin_aq#40,0,0,0
aotizhongxin_aq#41,0,0,0
aotizhongxin_aq#42,0,0,0
aotizhongxin_aq#43,0,0,0
aotizhongxin_aq#44,0,0,0
aotizhongxin_aq#45,0,0,0
aotizhongxin_aq#46,0,0,0
aotizhongxin_aq#47,0,0,0
nongzhanguan_aq#0,0,0,0
nongzhanguan_aq#1,0,0,0
nongzhanguan_aq#2,0,0,0
nongzhanguan_aq#3,0,0,0
nongzhanguan_aq#4,0,0,0
nongzhanguan_aq#5,0,0,0
nongzhanguan_aq#6,0,0,0
nongzhanguan_aq#7,0,0,0
nongzhanguan_aq#8,0,0,0
nongzhanguan_aq#9,0,0,0
nongzhanguan_aq#10,0,0,0
nongzhanguan_aq#11,0,0,0
nongzhanguan_aq#12,0,0,0
nongzhanguan_aq#13,0,0,0
nongzhanguan_aq#14,0,0,0
nongzhanguan_aq#15,0,0,0
nongzhanguan_aq#16,0,0,0
nongzhanguan_aq#17,0,0,0
nongzhanguan_aq#18,0,0,0
nongzhanguan_aq#19,0,0,0
nongzhanguan_aq#20,0,0,0
nongzhanguan_aq#21,0,0,0
nongzhanguan_aq#22,0,0,0
nongzhanguan_aq#23,0,0,0
nongzhanguan_aq#24,0,0,0
nongzhanguan_aq#25,0,0,0
nongzhanguan_aq#26,0,0,0
nongzhanguan_aq#27,0,0,0
nongzhanguan_aq#28,0,0,0
nongzhanguan_aq#29,0,0,0
nongzhanguan_aq#30,0,0,0
nongzhanguan_aq#31,0,0,0
nongzhanguan_aq#32,0,0,0
nongzhanguan_aq#33,0,0,0
nongzhanguan_aq#34,0,0,0
nongzhanguan_aq#35,0,0,0
nongzhanguan_aq#36,0,0,0
nongzhanguan_aq#37,0,0,0
nongzhanguan_aq#38,0,0,0
nongzhanguan_aq#39,0,0,0
nongzhanguan_aq#40,0,0,0
nongzhanguan_aq#41,0,0,0
nongzhanguan_aq#42,0,0,0
nongzhanguan_aq#43,0,0,0
nongzhanguan_aq#44,0,0,0
nongzhanguan_aq#45,0,0,0
nongzhanguan_aq#46,0,0,0
nongzhanguan_aq#47,0,0,0
wanliu_aq#0,0,0,0
wanliu_aq#1,0,0,0
wanliu_aq#2,0,0,0
wanliu_aq#3,0,0,0
wanliu_aq#4,0,0,0
wanliu_aq#5,0,0,0
wanliu_aq#6,0,0,0
wanliu_aq#7,0,0,0
wanliu_aq#8,0,0,0
wanliu_aq#9,0,0,0
wanliu_aq#10,0,0,0
wanliu_aq#11,0,0,0
wanliu_aq#12,0,0,0
wanliu_aq#13,0,0,0
wanliu_aq#14,0,0,0
wanliu_aq#15,0,0,0
wanliu_aq#16,0,0,0
wanliu_aq#17,0,0,0
wanliu_aq#18,0,0,0
wanliu_aq#19,0,0,0
wanliu_aq#20,0,0,0
wanliu_aq#21,0,0,0
wanliu_aq#22,0,0,0
wanliu_aq#23,0,0,0
wanliu_aq#24,0,0,0
wanliu_aq#25,0,0,0
wanliu_aq#26,0,0,0
wanliu_aq#27,0,0,0
wanliu_aq#28,0,0,0
wanliu_aq#29,0,0,0
wanliu_aq#30,0,0,0
wanliu_aq#31,0,0,0
wanliu_aq#32,0,0,0
wanliu_aq#33,0,0,0
wanliu_aq#34,0,0,0
wanliu_aq#35,0,0,0
wanliu_aq#36,0,0,0
wanliu_aq#37,0,0,0
wanliu_aq#38,0,0,0
wanliu_aq#39,0,0,0
wanliu_aq#40,0,0,0
wanliu_aq#41,0,0,0
wanliu_aq#42,0,0,0
wanliu_aq#43,0,0,0
wanliu_aq#44,0,0,0
wanliu_aq#45,0,0,0
wanliu_aq#46,0,0,0
wanliu_aq#47,0,0,0
beibuxinqu_aq#0,0,0,0
beibuxinqu_aq#1,0,0,0
beibuxinqu_aq#2,0,0,0
beibuxinqu_aq#3,0,0,0
beibuxinqu_aq#4,0,0,0
beibuxinqu_aq#5,0,0,0
beibuxinqu_aq#6,0,0,0
beibuxinqu_aq#7,0,0,0
beibuxinqu_aq#8,0,0,0
beibuxinqu_aq#9,0,0,0
beibuxinqu_aq#10,0,0,0
beibuxinqu_aq#11,0,0,0
beibuxinqu_aq#12,0,0,0
beibuxinqu_aq#13,0,0,0
beibuxinqu_aq#14,0,0,0
beibuxinqu_aq#15,0,0,0
beibuxinqu_aq#16,0,0,0
beibuxinqu_aq#17,0,0,0
beibuxinqu_aq#18,0,0,0
beibuxinqu_aq#19,0,0,0
beibuxinqu_aq#20,0,0,0
beibuxinqu_aq#21,0,0,0
beibuxinqu_aq#22,0,0,0
beibuxinqu_aq#23,0,0,0
beibuxinqu_aq#24,0,0,0
beibuxinqu_aq#25,0,0,0
beibuxinqu_aq#26,0,0,0
beibuxinqu_aq#27,0,0,0
beibuxinqu_aq#28,0,0,0
beibuxinqu_aq#29,0,0,0
beibuxinqu_aq#30,0,0,0
beibuxinqu_aq#31,0,0,0
beibuxinqu_aq#32,0,0,0
beibuxinqu_aq#33,0,0,0
beibuxinqu_aq#34,0,0,0
beibuxinqu_aq#35,0,0,0
beibuxinqu_aq#36,0,0,0
beibuxinqu_aq#37,0,0,0
beibuxinqu_aq#38,0,0,0
beibuxinqu_aq#39,0,0,0
beibuxinqu_aq#40,0,0,0
beibuxinqu_aq#41,0,0,0
beibuxinqu_aq#42,0,0,0
beibuxinqu_aq#43,0,0,0
beibuxinqu_aq#44,0,0,0
beibuxinqu_aq#45,0,0,0
beibuxinqu_aq#46,0,0,0
beibuxinqu_aq#47,0,0,0
zhiwuyuan_aq#0,0,0,0
zhiwuyuan_aq#1,0,0,0
zhiwuyuan_aq#2,0,0,0
zhiwuyuan_aq#3,0,0,0
zhiwuyuan_aq#4,0,0,0
zhiwuyuan_aq#5,0,0,0
zhiwuyuan_aq#6,0,0,0
zhiwuyuan_aq#7,0,0,0
zhiwuyuan_aq#8,0,0,0
zhiwuyuan_aq#9,0,0,0
zhiwuyuan_aq#10,0,0,0
zhiwuyuan_aq#11,0,0,0
zhiwuyuan_aq#12,0,0,0
zhiwuyuan_aq#13,0,0,0
zhiwuyuan_aq#14,0,0,0
zhiwuyuan_aq#15,0,0,0
zhiwuyuan_aq#16,0,0,0
zhiwuyuan_aq#17,0,0,0
zhiwuyuan_aq#18,0,0,0
zhiwuyuan_aq#19,0,0,0
zhiwuyuan_aq#20,0,0,0
zhiwuyuan_aq#21,0,0,0
zhiwuyuan_aq#22,0,0,0
zhiwuyuan_aq#23,0,0,0
zhiwuyuan_aq#24,0,0,0
zhiwuyuan_aq#25,0,0,0
zhiwuyuan_aq#26,0,0,0
zhiwuyuan_aq#27,0,0,0
zhiwuyuan_aq#28,0,0,0
zhiwuyuan_aq#29,0,0,0
zhiwuyuan_aq#30,0,0,0
zhiwuyuan_aq#31,0,0,0
zhiwuyuan_aq#32,0,0,0
zhiwuyuan_aq#33,0,0,0
zhiwuyuan_aq#34,0,0,0
zhiwuyuan_aq#35,0,0,0
zhiwuyuan_aq#36,0,0,0
zhiwuyuan_aq#37,0,0,0
zhiwuyuan_aq#38,0,0,0
zhiwuyuan_aq#39,0,0,0
zhiwuyuan_aq#40,0,0,0
zhiwuyuan_aq#41,0,0,0
zhiwuyuan_aq#42,0,0,0
zhiwuyuan_aq#43,0,0,0
zhiwuyuan_aq#44,0,0,0
zhiwuyuan_aq#45,0,0,0
zhiwuyuan_aq#46,0,0,0
zhiwuyuan_aq#47,0,0,0
fengtaihuayuan_aq#0,0,0,0
fengtaihuayuan_aq#1,0,0,0
fengtaihuayuan_aq#2,0,0,0
fengtaihuayuan_aq#3,0,0,0
fengtaihuayuan_aq#4,0,0,0
fengtaihuayuan_aq#5,0,0,0
fengtaihuayuan_aq#6,0,0,0
fengtaihuayuan_aq#7,0,0,0
fengtaihuayuan_aq#8,0,0,0
fengtaihuayuan_aq#9,0,0,0
fengtaihuayuan_aq#10,0,0,0
fengtaihuayuan_aq#11,0,0,0
fengtaihuayuan_aq#12,0,0,0
fengtaihuayuan_aq#13,0,0,0
fengtaihuayuan_aq#14,0,0,0
fengtaihuayuan_aq#15,0,0,0
fengtaihuayuan_aq#16,0,0,0
fengtaihuayuan_aq#17,0,0,0
fengtaihuayuan_aq#18,0,0,0
fengtaihuayuan_aq#19,0,0,0
fengtaihuayuan_aq#20,0,0,0
fengtaihuayuan_aq#21,0,0,0
fengtaihuayuan_aq#22,0,0,0
fengtaihuayuan_aq#23,0,0,0
fengtaihuayuan_aq#24,0,0,0
fengtaihuayuan_aq#25,0,0,0
fengtaihuayuan_aq#26,0,0,0
fengtaihuayuan_aq#27,0,0,0
fengtaihuayuan_aq#28,0,0,0
fengtaihuayuan_aq#29,0,0,0
fengtaihuayuan_aq#30,0,0,0
fengtaihuayuan_aq#31,0,0,0
fengtaihuayuan_aq#32,0,0,0
fengtaihuayuan_aq#33,0,0,0
fengtaihuayuan_aq#34,0,0,0
fengtaihuayuan_aq#35,0,0,0
fengtaihuayuan_aq#36,0,0,0
fengtaihuayuan_aq#37,0,0,0
fengtaihuayuan_aq#38,0,0,0
fengtaihuayuan_aq#39,0,0,0
fengtaihuayuan_aq#40,0,0,0
fengtaihuayuan_aq#41,0,0,0
fengtaihuayuan_aq#42,0,0,0
fengtaihuayuan_aq#43,0,0,0
fengtaihuayuan_aq#44,0,0,0
fengtaihuayuan_aq#45,0,0,0
fengtaihuayuan_aq#46,0,0,0
fengtaihuayuan_aq#47,0,0,0
yungang_aq#0,0,0,0
yungang_aq#1,0,0,0
yungang_aq#2,0,0,0
yungang_aq#3,0,0,0
yungang_aq#4,0,0,0
yungang_aq#5,0,0,0
yungang_aq#6,0,0,0
yungang_aq#7,0,0,0
yungang_aq#8,0,0,0
yungang_aq#9,0,0,0
yungang_aq#10,0,0,0
yungang_aq#11,0,0,0
yungang_aq#12,0,0,0
yungang_aq#13,0,0,0
yungang_aq#14,0,0,0
yungang_aq#15,0,0,0
yungang_aq#16,0,0,0
yungang_aq#17,0,0,0
yungang_aq#18,0,0,0
yungang_aq#19,0,0,0
yungang_aq#20,0,0,0
yungang_aq#21,0,0,0
yungang_aq#22,0,0,0
yungang_aq#23,0,0,0
yungang_aq#24,0,0,0
yungang_aq#25,0,0,0
yungang_aq#26,0,0,0
yungang_aq#27,0,0,0
yungang_aq#28,0,0,0
yungang_aq#29,0,0,0
yungang_aq#30,0,0,0
yungang_aq#31,0,0,0
yungang_aq#32,0,0,0
yungang_aq#33,0,0,0
yungang_aq#34,0,0,0
yungang_aq#35,0,0,0
yungang_aq#36,0,0,0
yungang_aq#37,0,0,0
yungang_aq#38,0,0,0
yungang_aq#39,0,0,0
yungang_aq#40,0,0,0
yungang_aq#41,0,0,0
yungang_aq#42,0,0,0
yungang_aq#43,0,0,0
yungang_aq#44,0,0,0
yungang_aq#45,0,0,0
yungang_aq#46,0,0,0
yungang_aq#47,0,0,0
gucheng_aq#0,0,0,0
gucheng_aq#1,0,0,0
gucheng_aq#2,0,0,0
gucheng_aq#3,0,0,0
gucheng_aq#4,0,0,0
gucheng_aq#5,0,0,0
gucheng_aq#6,0,0,0
gucheng_aq#7,0,0,0
gucheng_aq#8,0,0,0
gucheng_aq#9,0,0,0
gucheng_aq#10,0,0,0
gucheng_aq#11,0,0,0
gucheng_aq#12,0,0,0
gucheng_aq#13,0,0,0
gucheng_aq#14,0,0,0
gucheng_aq#15,0,0,0
gucheng_aq#16,0,0,0
gucheng_aq#17,0,0,0
gucheng_aq#18,0,0,0
gucheng_aq#19,0,0,0
gucheng_aq#20,0,0,0
gucheng_aq#21,0,0,0
gucheng_aq#22,0,0,0
gucheng_aq#23,0,0,0
gucheng_aq#24,0,0,0
gucheng_aq#25,0,0,0
gucheng_aq#26,0,0,0
gucheng_aq#27,0,0,0
gucheng_aq#28,0,0,0
gucheng_aq#29,0,0,0
gucheng_aq#30,0,0,0
gucheng_aq#31,0,0,0
gucheng_aq#32,0,0,0
gucheng_aq#33,0,0,0
gucheng_aq#34,0,0,0
gucheng_aq#35,0,0,0
gucheng_aq#36,0,0,0
gucheng_aq#37,0,0,0
gucheng_aq#38,0,0,0
gucheng_aq#39,0,0,0
gucheng_aq#40,0,0,0
gucheng_aq#41,0,0,0
gucheng_aq#42,0,0,0
gucheng_aq#43,0,0,0
gucheng_aq#44,0,0,0
gucheng_aq#45,0,0,0
gucheng_aq#46,0,0,0
gucheng_aq#47,0,0,0
fangshan_aq#0,0,0,0
fangshan_aq#1,0,0,0
fangshan_aq#2,0,0,0
fangshan_aq#3,0,0,0
fangshan_aq#4,0,0,0
fangshan_aq#5,0,0,0
fangshan_aq#6,0,0,0
fangshan_aq#7,0,0,0
fangshan_aq#8,0,0,0
fangshan_aq#9,0,0,0
fangshan_aq#10,0,0,0
fangshan_aq#11,0,0,0
fangshan_aq#12,0,0,0
fangshan_aq#13,0,0,0
fangshan_aq#14,0,0,0
fangshan_aq#15,0,0,0
fangshan_aq#16,0,0,0
fangshan_aq#17,0,0,0
fangshan_aq#18,0,0,0
fangshan_aq#19,0,0,0
fangshan_aq#20,0,0,0
fangshan_aq#21,0,0,0
fangshan_aq#22,0,0,0
fangshan_aq#23,0,0,0
fangshan_aq#24,0,0,0
fangshan_aq#25,0,0,0
fangshan_aq#26,0,0,0
fangshan_aq#27,0,0,0
fangshan_aq#28,0,0,0
fangshan_aq#29,0,0,0
fangshan_aq#30,0,0,0
fangshan_aq#31,0,0,0
fangshan_aq#32,0,0,0
fangshan_aq#33,0,0,0
fangshan_aq#34,0,0,0
fangshan_aq#35,0,0,0
fangshan_aq#36,0,0,0
fangshan_aq#37,0,0,0
fangshan_aq#38,0,0,0
fangshan_aq#39,0,0,0
fangshan_aq#40,0,0,0
fangshan_aq#41,0,0,0
fangshan_aq#42,0,0,0
fangshan_aq#43,0,0,0
fangshan_aq#44,0,0,0
fangshan_aq#45,0,0,0
fangshan_aq#46,0,0,0
fangshan_aq#47,0,0,0
daxing_aq#0,0,0,0
daxing_aq#1,0,0,0
daxing_aq#2,0,0,0
daxing_aq#3,0,0,0
daxing_aq#4,0,0,0
daxing_aq#5,0,0,0
daxing_aq#6,0,0,0
daxing_aq#7,0,0,0
daxing_aq#8,0,0,0
daxing_aq#9,0,0,0
daxing_aq#10,0,0,0
daxing_aq#11,0,0,0
daxing_aq#12,0,0,0
daxing_aq#13,0,0,0
daxing_aq#14,0,0,0
daxing_aq#15,0,0,0
daxing_aq#16,0,0,0
daxing_aq#17,0,0,0
daxing_aq#18,0,0,0
daxing_aq#19,0,0,0
daxing_aq#20,0,0,0
daxing_aq#21,0,0,0
daxing_aq#22,0,0,0
daxing_aq#23,0,0,0
daxing_aq#24,0,0,0
daxing_aq#25,0,0,0
daxing_aq#26,0,0,0
daxing_aq#27,0,0,0
daxing_aq#28,0,0,0
daxing_aq#29,0,0,0
daxing_aq#30,0,0,0
daxing_aq#31,0,0,0
daxing_aq#32,0,0,0
daxing_aq#33,0,0,0
daxing_aq#34,0,0,0
daxing_aq#35,0,0,0
daxing_aq#36,0,0,0
daxing_aq#37,0,0,0
daxing_aq#38,0,0,0
daxing_aq#39,0,0,0
daxing_aq#40,0,0,0
daxing_aq#41,0,0,0
daxing_aq#42,0,0,0
daxing_aq#43,0,0,0
daxing_aq#44,0,0,0
daxing_aq#45,0,0,0
daxing_aq#46,0,0,0
daxing_aq#47,0,0,0
yizhuang_aq#0,0,0,0
yizhuang_aq#1,0,0,0
yizhuang_aq#2,0,0,0
yizhuang_aq#3,0,0,0
yizhuang_aq#4,0,0,0
yizhuang_aq#5,0,0,0
yizhuang_aq#6,0,0,0
yizhuang_aq#7,0,0,0
yizhuang_aq#8,0,0,0
yizhuang_aq#9,0,0,0
yizhuang_aq#10,0,0,0
yizhuang_aq#11,0,0,0
yizhuang_aq#12,0,0,0
yizhuang_aq#13,0,0,0
yizhuang_aq#14,0,0,0
yizhuang_aq#15,0,0,0
yizhuang_aq#16,0,0,0
yizhuang_aq#17,0,0,0
yizhuang_aq#18,0,0,0
yizhuang_aq#19,0,0,0
yizhuang_aq#20,0,0,0
yizhuang_aq#21,0,0,0
yizhuang_aq#22,0,0,0
yizhuang_aq#23,0,0,0
yizhuang_aq#24,0,0,0
yizhuang_aq#25,0,0,0
yizhuang_aq#26,0,0,0
yizhuang_aq#27,0,0,0
yizhuang_aq#28,0,0,0
yizhuang_aq#29,0,0,0
yizhuang_aq#30,0,0,0
yizhuang_aq#31,0,0,0
yizhuang_aq#32,0,0,0
yizhuang_aq#33,0,0,0
yizhuang_aq#34,0,0,0
yizhuang_aq#35,0,0,0
yizhuang_aq#36,0,0,0
yizhuang_aq#37,0,0,0
yizhuang_aq#38,0,0,0
yizhuang_aq#39,0,0,0
yizhuang_aq#40,0,0,0
yizhuang_aq#41,0,0,0
yizhuang_aq#42,0,0,0
yizhuang_aq#43,0,0,0
yizhuang_aq#44,0,0,0
yizhuang_aq#45,0,0,0
yizhuang_aq#46,0,0,0
yizhuang_aq#47,0,0,0
tongzhou_aq#0,0,0,0
tongzhou_aq#1,0,0,0
tongzhou_aq#2,0,0,0
tongzhou_aq#3,0,0,0
tongzhou_aq#4,0,0,0
tongzhou_aq#5,0,0,0
tongzhou_aq#6,0,0,0
tongzhou_aq#7,0,0,0
tongzhou_aq#8,0,0,0
tongzhou_aq#9,0,0,0
tongzhou_aq#10,0,0,0
tongzhou_aq#11,0,0,0
tongzhou_aq#12,0,0,0
tongzhou_aq#13,0,0,0
tongzhou_aq#14,0,0,0
tongzhou_aq#15,0,0,0
tongzhou_aq#16,0,0,0
tongzhou_aq#17,0,0,0
tongzhou_aq#18,0,0,0
tongzhou_aq#19,0,0,0
tongzhou_aq#20,0,0,0
tongzhou_aq#21,0,0,0
tongzhou_aq#22,0,0,0
tongzhou_aq#23,0,0,0
tongzhou_aq#24,0,0,0
tongzhou_aq#25,0,0,0
tongzhou_aq#26,0,0,0
tongzhou_aq#27,0,0,0
tongzhou_aq#28,0,0,0
tongzhou_aq#29,0,0,0
tongzhou_aq#30,0,0,0
tongzhou_aq#31,0,0,0
tongzhou_aq#32,0,0,0
tongzhou_aq#33,0,0,0
tongzhou_aq#34,0,0,0
tongzhou_aq#35,0,0,0
tongzhou_aq#36,0,0,0
tongzhou_aq#37,0,0,0
tongzhou_aq#38,0,0,0
tongzhou_aq#39,0,0,0
tongzhou_aq#40,0,0,0
tongzhou_aq#41,0,0,0
tongzhou_aq#42,0,0,0
tongzhou_aq#43,0,0,0
tongzhou_aq#44,0,0,0
tongzhou_aq#45,0,0,0
tongzhou_aq#46,0,0,0
tongzhou_aq#47,0,0,0
shunyi_aq#0,0,0,0
shunyi_aq#1,0,0,0
shunyi_aq#2,0,0,0
shunyi_aq#3,0,0,0
shunyi_aq#4,0,0,0
shunyi_aq#5,0,0,0
shunyi_aq#6,0,0,0
shunyi_aq#7,0,0,0
shunyi_aq#8,0,0,0
shunyi_aq#9,0,0,0
shunyi_aq#10,0,0,0
shunyi_aq#11,0,0,0
shunyi_aq#12,0,0,0
shunyi_aq#13,0,0,0
shunyi_aq#14,0,0,0
shunyi_aq#15,0,0,0
shunyi_aq#16,0,0,0
shunyi_aq#17,0,0,0
shunyi_aq#18,0,0,0
shunyi_aq#19,0,0,0
shunyi_aq#20,0,0,0
shunyi_aq#21,0,0,0
shunyi_aq#22,0,0,0
shunyi_aq#23,0,0,0
shunyi_aq#24,0,0,0
shunyi_aq#25,0,0,0
shunyi_aq#26,0,0,0
shunyi_aq#27,0,0,0
shunyi_aq#28,0,0,0
shunyi_aq#29,0,0,0
shunyi_aq#30,0,0,0
shunyi_aq#31,0,0,0
shunyi_aq#32,0,0,0
shunyi_aq#33,0,0,0
shunyi_aq#34,0,0,0
shunyi_aq#35,0,0,0
shunyi_aq#36,0,0,0
shunyi_aq#37,0,0,0
shunyi_aq#38,0,0,0
shunyi_aq#39,0,0,0
shunyi_aq#40,0,0,0
shunyi_aq#41,0,0,0
shunyi_aq#42,0,0,0
shunyi_aq#43,0,0,0
shunyi_aq#44,0,0,0
shunyi_aq#45,0,0,0
shunyi_aq#46,0,0,0
shunyi_aq#47,0,0,0
pingchang_aq#0,0,0,0
pingchang_aq#1,0,0,0
pingchang_aq#2,0,0,0
pingchang_aq#3,0,0,0
pingchang_aq#4,0,0,0
pingchang_aq#5,0,0,0
pingchang_aq#6,0,0,0
pingchang_aq#7,0,0,0
pingchang_aq#8,0,0,0
pingchang_aq#9,0,0,0
pingchang_aq#10,0,0,0
pingchang_aq#11,0,0,0
pingchang_aq#12,0,0,0
pingchang_aq#13,0,0,0
pingchang_aq#14,0,0,0
pingchang_aq#15,0,0,0
pingchang_aq#16,0,0,0
pingchang_aq#17,0,0,0
pingchang_aq#18,0,0,0
pingchang_aq#19,0,0,0
pingchang_aq#20,0,0,0
pingchang_aq#21,0,0,0
pingchang_aq#22,0,0,0
pingchang_aq#23,0,0,0
pingchang_aq#24,0,0,0
pingchang_aq#25,0,0,0
pingchang_aq#26,0,0,0
pingchang_aq#27,0,0,0
pingchang_aq#28,0,0,0
pingchang_aq#29,0,0,0
pingchang_aq#30,0,0,0
pingchang_aq#31,0,0,0
pingchang_aq#32,0,0,0
pingchang_aq#33,0,0,0
pingchang_aq#34,0,0,0
pingchang_aq#35,0,0,0
pingchang_aq#36,0,0,0
pingchang_aq#37,0,0,0
pingchang_aq#38,0,0,0
pingchang_aq#39,0,0,0
pingchang_aq#40,0,0,0
pingchang_aq#41,0,0,0
pingchang_aq#42,0,0,0
pingchang_aq#43,0,0,0
pingchang_aq#44,0,0,0
pingchang_aq#45,0,0,0
pingchang_aq#46,0,0,0
pingchang_aq#47,0,0,0
mentougou_aq#0,0,0,0
mentougou_aq#1,0,0,0
mentougou_aq#2,0,0,0
mentougou_aq#3,0,0,0
mentougou_aq#4,0,0,0
mentougou_aq#5,0,0,0
mentougou_aq#6,0,0,0
mentougou_aq#7,0,0,0
mentougou_aq#8,0,0,0
mentougou_aq#9,0,0,0
mentougou_aq#10,0,0,0
mentougou_aq#11,0,0,0
mentougou_aq#12,0,0,0
mentougou_aq#13,0,0,0
mentougou_aq#14,0,0,0
mentougou_aq#15,0,0,0
mentougou_aq#16,0,0,0
mentougou_aq#17,0,0,0
mentougou_aq#18,0,0,0
mentougou_aq#19,0,0,0
mentougou_aq#20,0,0,0
mentougou_aq#21,0,0,0
mentougou_aq#22,0,0,0
mentougou_aq#23,0,0,0
mentougou_aq#24,0,0,0
mentougou_aq#25,0,0,0
mentougou_aq#26,0,0,0
mentougou_aq#27,0,0,0
mentougou_aq#28,0,0,0
mentougou_aq#29,0,0,0
mentougou_aq#30,0,0,0
mentougou_aq#31,0,0,0
mentougou_aq#32,0,0,0
mentougou_aq#33,0,0,0
mentougou_aq#34,0,0,0
mentougou_aq#35,0,0,0
mentougou_aq#36,0,0,0
mentougou_aq#37,0,0,0
mentougou_aq#38,0,0,0
mentougou_aq#39,0,0,0
mentougou_aq#40,0,0,0
mentougou_aq#41,0,0,0
mentougou_aq#42,0,0,0
mentougou_aq#43,0,0,0
mentougou_aq#44,0,0,0
mentougou_aq#45,0,0,0
mentougou_aq#46,0,0,0
mentougou_aq#47,0,0,0
pinggu_aq#0,0,0,0
pinggu_aq#1,0,0,0
pinggu_aq#2,0,0,0
pinggu_aq#3,0,0,0
pinggu_aq#4,0,0,0
pinggu_aq#5,0,0,0
pinggu_aq#6,0,0,0
pinggu_aq#7,0,0,0
pinggu_aq#8,0,0,0
pinggu_aq#9,0,0,0
pinggu_aq#10,0,0,0
pinggu_aq#11,0,0,0
pinggu_aq#12,0,0,0
pinggu_aq#13,0,0,0
pinggu_aq#14,0,0,0
pinggu_aq#15,0,0,0
pinggu_aq#16,0,0,0
pinggu_aq#17,0,0,0
pinggu_aq#18,0,0,0
pinggu_aq#19,0,0,0
pinggu_aq#20,0,0,0
pinggu_aq#21,0,0,0
pinggu_aq#22,0,0,0
pinggu_aq#23,0,0,0
pinggu_aq#24,0,0,0
pinggu_aq#25,0,0,0
pinggu_aq#26,0,0,0
pinggu_aq#27,0,0,0
pinggu_aq#28,0,0,0
pinggu_aq#29,0,0,0
pinggu_aq#30,0,0,0
pinggu_aq#31,0,0,0
pinggu_aq#32,0,0,0
pinggu_aq#33,0,0,0
pinggu_aq#34,0,0,0
pinggu_aq#35,0,0,0
pinggu_aq#36,0,0,0
pinggu_aq#37,0,0,0
pinggu_aq#38,0,0,0
pinggu_aq#39,0,0,0
pinggu_aq#40,0,0,0
pinggu_aq#41,0,0,0
pinggu_aq#42,0,0,0
pinggu_aq#43,0,0,0
pinggu_aq#44,0,0,0
pinggu_aq#45,0,0,0
pinggu_aq#46,0,0,0
pinggu_aq#47,0,0,0
huairou_aq#0,0,0,0
huairou_aq#1,0,0,0
huairou_aq#2,0,0,0
huairou_aq#3,0,0,0
huairou_aq#4,0,0,0
huairou_aq#5,0,0,0
huairou_aq#6,0,0,0
huairou_aq#7,0,0,0
huairou_aq#8,0,0,0
huairou_aq#9,0,0,0
huairou_aq#10,0,0,0
huairou_aq#11,0,0,0
huairou_aq#12,0,0,0
huairou_aq#13,0,0,0
huairou_aq#14,0,0,0
huairou_aq#15,0,0,0
huairou_aq#16,0,0,0
huairou_aq#17,0,0,0
huairou_aq#18,0,0,0
huairou_aq#19,0,0,0
huairou_aq#20,0,0,0
huairou_aq#21,0,0,0
huairou_aq#22,0,0,0
huairou_aq#23,0,0,0
huairou_aq#24,0,0,0
huairou_aq#25,0,0,0
huairou_aq#26,0,0,0
huairou_aq#27,0,0,0
huairou_aq#28,0,0,0
huairou_aq#29,0,0,0
huairou_aq#30,0,0,0
huairou_aq#31,0,0,0
huairou_aq#32,0,0,0
huairou_aq#33,0,0,0
huairou_aq#34,0,0,0
huairou_aq#35,0,0,0
huairou_aq#36,0,0,0
huairou_aq#37,0,0,0
huairou_aq#38,0,0,0
huairou_aq#39,0,0,0
huairou_aq#40,0,0,0
huairou_aq#41,0,0,0
huairou_aq#42,0,0,0
huairou_aq#43,0,0,0
huairou_aq#44,0,0,0
huairou_aq#45,0,0,0
huairou_aq#46,0,0,0
huairou_aq#47,0,0,0
miyun_aq#0,0,0,0
miyun_aq#1,0,0,0
miyun_aq#2,0,0,0
miyun_aq#3,0,0,0
miyun_aq#4,0,0,0
miyun_aq#5,0,0,0
miyun_aq#6,0,0,0
miyun_aq#7,0,0,0
miyun_aq#8,0,0,0
miyun_aq#9,0,0,0
miyun_aq#10,0,0,0
miyun_aq#11,0,0,0
miyun_aq#12,0,0,0
miyun_aq#13,0,0,0
miyun_aq#14,0,0,0
miyun_aq#15,0,0,0
miyun_aq#16,0,0,0
miyun_aq#17,0,0,0
miyun_aq#18,0,0,0
miyun_aq#19,0,0,0
miyun_aq#20,0,0,0
miyun_aq#21,0,0,0
miyun_aq#22,0,0,0
miyun_aq#23,0,0,0
miyun_aq#24,0,0,0
miyun_aq#25,0,0,0
miyun_aq#26,0,0,0
miyun_aq#27,0,0,0
miyun_aq#28,0,0,0
miyun_aq#29,0,0,0
miyun_aq#30,0,0,0
miyun_aq#31,0,0,0
miyun_aq#32,0,0,0
miyun_aq#33,0,0,0
miyun_aq#34,0,0,0
miyun_aq#35,0,0,0
miyun_aq#36,0,0,0
miyun_aq#37,0,0,0
miyun_aq#38,0,0,0
miyun_aq#39,0,0,0
miyun_aq#40,0,0,0
miyun_aq#41,0,0,0
miyun_aq#42,0,0,0
miyun_aq#43,0,0,0
miyun_aq#44,0,0,0
miyun_aq#45,0,0,0
miyun_aq#46,0,0,0
miyun_aq#47,0,0,0
yanqin_aq#0,0,0,0
yanqin_aq#1,0,0,0
yanqin_aq#2,0,0,0
yanqin_aq#3,0,0,0
yanqin_aq#4,0,0,0
yanqin_aq#5,0,0,0
yanqin_aq#6,0,0,0
yanqin_aq#7,0,0,0
yanqin_aq#8,0,0,0
yanqin_aq#9,0,0,0
yanqin_aq#10,0,0,0
yanqin_aq#11,0,0,0
yanqin_aq#12,0,0,0
yanqin_aq#13,0,0,0
yanqin_aq#14,0,0,0
yanqin_aq#15,0,0,0
yanqin_aq#16,0,0,0
yanqin_aq#17,0,0,0
yanqin_aq#18,0,0,0
yanqin_aq#19,0,0,0
yanqin_aq#20,0,0,0
yanqin_aq#21,0,0,0
yanqin_aq#22,0,0,0
yanqin_aq#23,0,0,0
yanqin_aq#24,0,0,0
yanqin_aq#25,0,0,0
yanqin_aq#26,0,0,0
yanqin_aq#27,0,0,0
yanqin_aq#28,0,0,0
yanqin_aq#29,0,0,0
yanqin_aq#30,0,0,0
yanqin_aq#31,0,0,0
yanqin_aq#32,0,0,0
yanqin_aq#33,0,0,0
yanqin_aq#34,0,0,0
yanqin_aq#35,0,0,0
yanqin_aq#36,0,0,0
yanqin_aq#37,0,0,0
yanqin_aq#38,0,0,0
yanqin_aq#39,0,0,0
yanqin_aq#40,0,0,0
yanqin_aq#41,0,0,0
yanqin_aq#42,0,0,0
yanqin_aq#43,0,0,0
yanqin_aq#44,0,0,0
yanqin_aq#45,0,0,0
yanqin_aq#46,0,0,0
yanqin_aq#47,0,0,0
dingling_aq#0,0,0,0
dingling_aq#1,0,0,0
dingling_aq#2,0,0,0
dingling_aq#3,0,0,0
dingling_aq#4,0,0,0
dingling_aq#5,0,0,0
dingling_aq#6,0,0,0
dingling_aq#7,0,0,0
dingling_aq#8,0,0,0
dingling_aq#9,0,0,0
dingling_aq#10,0,0,0
dingling_aq#11,0,0,0
dingling_aq#12,0,0,0
dingling_aq#13,0,0,0
dingling_aq#14,0,0,0
dingling_aq#15,0,0,0
dingling_aq#16,0,0,0
dingling_aq#17,0,0,0
dingling_aq#18,0,0,0
dingling_aq#19,0,0,0
dingling_aq#20,0,0,0
dingling_aq#21,0,0,0
dingling_aq#22,0,0,0
dingling_aq#23,0,0,0
dingling_aq#24,0,0,0
dingling_aq#25,0,0,0
dingling_aq#26,0,0,0
dingling_aq#27,0,0,0
dingling_aq#28,0,0,0
dingling_aq#29,0,0,0
dingling_aq#30,0,0,0
dingling_aq#31,0,0,0
dingling_aq#32,0,0,0
dingling_aq#33,0,0,0
dingling_aq#34,0,0,0
dingling_aq#35,0,0,0
dingling_aq#36,0,0,0
dingling_aq#37,0,0,0
dingling_aq#38,0,0,0
dingling_aq#39,0,0,0
dingling_aq#40,0,0,0
dingling_aq#41,0,0,0
dingling_aq#42,0,0,0
dingling_aq#43,0,0,0
dingling_aq#44,0,0,0
dingling_aq#45,0,0,0
dingling_aq#46,0,0,0
dingling_aq#47,0,0,0
badaling_aq#0,0,0,0
badaling_aq#1,0,0,0
badaling_aq#2,0,0,0
badaling_aq#3,0,0,0
badaling_aq#4,0,0,0
badaling_aq#5,0,0,0
badaling_aq#6,0,0,0
badaling_aq#7,0,0,0
badaling_aq#8,0,0,0
badaling_aq#9,0,0,0
badaling_aq#10,0,0,0
badaling_aq#11,0,0,0
badaling_aq#12,0,0,0
badaling_aq#13,0,0,0
badaling_aq#14,0,0,0
badaling_aq#15,0,0,0
badaling_aq#16,0,0,0
badaling_aq#17,0,0,0
badaling_aq#18,0,0,0
badaling_aq#19,0,0,0
badaling_aq#20,0,0,0
badaling_aq#21,0,0,0
badaling_aq#22,0,0,0
badaling_aq#23,0,0,0
badaling_aq#24,0,0,0
badaling_aq#25,0,0,0
badaling_aq#26,0,0,0
badaling_aq#27,0,0,0
badaling_aq#28,0,0,0
badaling_aq#29,0,0,0
badaling_aq#30,0,0,0
badaling_aq#31,0,0,0
badaling_aq#32,0,0,0
badaling_aq#33,0,0,0
badaling_aq#34,0,0,0
badaling_aq#35,0,0,0
badaling_aq#36,0,0,0
badaling_aq#37,0,0,0
badaling_aq#38,0,0,0
badaling_aq#39,0,0,0
badaling_aq#40,0,0,0
badaling_aq#41,0,0,0
badaling_aq#42,0,0,0
badaling_aq#43,0,0,0
badaling_aq#44,0,0,0
badaling_aq#45,0,0,0
badaling_aq#46,0,0,0
badaling_aq#47,0,0,0
miyunshuiku_aq#0,0,0,0
miyunshuiku_aq#1,0,0,0
miyunshuiku_aq#2,0,0,0
miyunshuiku_aq#3,0,0,0
miyunshuiku_aq#4,0,0,0
miyunshuiku_aq#5,0,0,0
miyunshuiku_aq#6,0,0,0
miyunshuiku_aq#7,0,0,0
miyunshuiku_aq#8,0,0,0
miyunshuiku_aq#9,0,0,0
miyunshuiku_aq#10,0,0,0
miyunshuiku_aq#11,0,0,0
miyunshuiku_aq#12,0,0,0
miyunshuiku_aq#13,0,0,0
miyunshuiku_aq#14,0,0,0
miyunshuiku_aq#15,0,0,0
miyunshuiku_aq#16,0,0,0
miyunshuiku_aq#17,0,0,0
miyunshuiku_aq#18,0,0,0
miyunshuiku_aq#19,0,0,0
miyunshuiku_aq#20,0,0,0
miyunshuiku_aq#21,0,0,0
miyunshuiku_aq#22,0,0,0
miyunshuiku_aq#23,0,0,0
miyunshuiku_aq#24,0,0,0
miyunshuiku_aq#25,0,0,0
miyunshuiku_aq#26,0,0,0
miyunshuiku_aq#27,0,0,0
miyunshuiku_aq#28,0,0,0
miyunshuiku_aq#29,0,0,0
miyunshuiku_aq#30,0,0,0
miyunshuiku_aq#31,0,0,0
miyunshuiku_aq#32,0,0,0
miyunshuiku_aq#33,0,0,0
miyunshuiku_aq#34,0,0,0
miyunshuiku_aq#35,0,0,0
miyunshuiku_aq#36,0,0,0
miyunshuiku_aq#37,0,0,0
miyunshuiku_aq#38,0,0,0
miyunshuiku_aq#39,0,0,0
miyunshuiku_aq#40,0,0,0
miyunshuiku_aq#41,0,0,0
miyunshuiku_aq#42,0,0,0
miyunshuiku_aq#43,0,0,0
miyunshuiku_aq#44,0,0,0
miyunshuiku_aq#45,0,0,0
miyunshuiku_aq#46,0,0,0
miyunshuiku_aq#47,0,0,0
donggaocun_aq#0,0,0,0
donggaocun_aq#1,0,0,0
donggaocun_aq#2,0,0,0
donggaocun_aq#3,0,0,0
donggaocun_aq#4,0,0,0
donggaocun_aq#5,0,0,0
donggaocun_aq#6,0,0,0
donggaocun_aq#7,0,0,0
donggaocun_aq#8,0,0,0
donggaocun_aq#9,0,0,0
donggaocun_aq#10,0,0,0
donggaocun_aq#11,0,0,0
donggaocun_aq#12,0,0,0
donggaocun_aq#13,0,0,0
donggaocun_aq#14,0,0,0
donggaocun_aq#15,0,0,0
donggaocun_aq#16,0,0,0
donggaocun_aq#17,0,0,0
donggaocun_aq#18,0,0,0
donggaocun_aq#19,0,0,0
donggaocun_aq#20,0,0,0
donggaocun_aq#21,0,0,0
donggaocun_aq#22,0,0,0
donggaocun_aq#23,0,0,0
donggaocun_aq#24,0,0,0
donggaocun_aq#25,0,0,0
donggaocun_aq#26,0,0,0
donggaocun_aq#27,0,0,0
donggaocun_aq#28,0,0,0
donggaocun_aq#29,0,0,0
donggaocun_aq#30,0,0,0
donggaocun_aq#31,0,0,0
donggaocun_aq#32,0,0,0
donggaocun_aq#33,0,0,0
donggaocun_aq#34,0,0,0
donggaocun_aq#35,0,0,0
donggaocun_aq#36,0,0,0
donggaocun_aq#37,0,0,0
donggaocun_aq#38,0,0,0
donggaocun_aq#39,0,0,0
donggaocun_aq#40,0,0,0
donggaocun_aq#41,0,0,0
donggaocun_aq#42,0,0,0
donggaocun_aq#43,0,0,0
donggaocun_aq#44,0,0,0
donggaocun_aq#45,0,0,0
donggaocun_aq#46,0,0,0
donggaocun_aq#47,0,0,0
yongledian_aq#0,0,0,0
yongledian_aq#1,0,0,0
yongledian_aq#2,0,0,0
yongledian_aq#3,0,0,0
yongledian_aq#4,0,0,0
yongledian_aq#5,0,0,0
yongledian_aq#6,0,0,0
yongledian_aq#7,0,0,0
yongledian_aq#8,0,0,0
yongledian_aq#9,0,0,0
yongledian_aq#10,0,0,0
yongledian_aq#11,0,0,0
yongledian_aq#12,0,0,0
yongledian_aq#13,0,0,0
yongledian_aq#14,0,0,0
yongledian_aq#15,0,0,0
yongledian_aq#16,0,0,0
yongledian_aq#17,0,0,0
yongledian_aq#18,0,0,0
yongledian_aq#19,0,0,0
yongledian_aq#20,0,0,0
yongledian_aq#21,0,0,0
yongledian_aq#22,0,0,0
yongledian_aq#23,0,0,0
yongledian_aq#24,0,0,0
yongledian_aq#25,0,0,0
yongledian_aq#26,0,0,0
yongledian_aq#27,0,0,0
yongledian_aq#28,0,0,0
yongledian_aq#29,0,0,0
yongledian_aq#30,0,0,0
yongledian_aq#31,0,0,0
yongledian_aq#32,0,0,0
yongledian_aq#33,0,0,0
yongledian_aq#34,0,0,0
yongledian_aq#35,0,0,0
yongledian_aq#36,0,0,0
yongledian_aq#37,0,0,0
yongledian_aq#38,0,0,0
yongledian_aq#39,0,0,0
yongledian_aq#40,0,0,0
yongledian_aq#41,0,0,0
yongledian_aq#42,0,0,0
yongledian_aq#43,0,0,0
yongledian_aq#44,0,0,0
yongledian_aq#45,0,0,0
yongledian_aq#46,0,0,0
yongledian_aq#47,0,0,0
yufa_aq#0,0,0,0
yufa_aq#1,0,0,0
yufa_aq#2,0,0,0
yufa_aq#3,0,0,0
yufa_aq#4,0,0,0
yufa_aq#5,0,0,0
yufa_aq#6,0,0,0
yufa_aq#7,0,0,0
yufa_aq#8,0,0,0
yufa_aq#9,0,0,0
yufa_aq#10,0,0,0
yufa_aq#11,0,0,0
yufa_aq#12,0,0,0
yufa_aq#13,0,0,0
yufa_aq#14,0,0,0
yufa_aq#15,0,0,0
yufa_aq#16,0,0,0
yufa_aq#17,0,0,0
yufa_aq#18,0,0,0
yufa_aq#19,0,0,0
yufa_aq#20,0,0,0
yufa_aq#21,0,0,0
yufa_aq#22,0,0,0
yufa_aq#23,0,0,0
yufa_aq#24,0,0,0
yufa_aq#25,0,0,0
yufa_aq#26,0,0,0
yufa_aq#27,0,0,0
yufa_aq#28,0,0,0
yufa_aq#29,0,0,0
yufa_aq#30,0,0,0
yufa_aq#31,0,0,0
yufa_aq#32,0,0,0
yufa_aq#33,0,0,0
yufa_aq#34,0,0,0
yufa_aq#35,0,0,0
yufa_aq#36,0,0,0
yufa_aq#37,0,0,0
yufa_aq#38,0,0,0
yufa_aq#39,0,0,0
yufa_aq#40,0,0,0
yufa_aq#41,0,0,0
yufa_aq#42,0,0,0
yufa_aq#43,0,0,0
yufa_aq#44,0,0,0
yufa_aq#45,0,0,0
yufa_aq#46,0,0,0
yufa_aq#47,0,0,0
liulihe_aq#0,0,0,0
liulihe_aq#1,0,0,0
liulihe_aq#2,0,0,0
liulihe_aq#3,0,0,0
liulihe_aq#4,0,0,0
liulihe_aq#5,0,0,0
liulihe_aq#6,0,0,0
liulihe_aq#7,0,0,0
liulihe_aq#8,0,0,0
liulihe_aq#9,0,0,0
liulihe_aq#10,0,0,0
liulihe_aq#11,0,0,0
liulihe_aq#12,0,0,0
liulihe_aq#13,0,0,0
liulihe_aq#14,0,0,0
liulihe_aq#15,0,0,0
liulihe_aq#16,0,0,0
liulihe_aq#17,0,0,0
liulihe_aq#18,0,0,0
liulihe_aq#19,0,0,0
liulihe_aq#20,0,0,0
liulihe_aq#21,0,0,0
liulihe_aq#22,0,0,0
liulihe_aq#23,0,0,0
liulihe_aq#24,0,0,0
liulihe_aq#25,0,0,0
liulihe_aq#26,0,0,0
liulihe_aq#27,0,0,0
liulihe_aq#28,0,0,0
liulihe_aq#29,0,0,0
liulihe_aq#30,0,0,0
liulihe_aq#31,0,0,0
liulihe_aq#32,0,0,0
liulihe_aq#33,0,0,0
liulihe_aq#34,0,0,0
liulihe_aq#35,0,0,0
liulihe_aq#36,0,0,0
liulihe_aq#37,0,0,0
liulihe_aq#38,0,0,0
liulihe_aq#39,0,0,0
liulihe_aq#40,0,0,0
liulihe_aq#41,0,0,0
liulihe_aq#42,0,0,0
liulihe_aq#43,0,0,0
liulihe_aq#44,0,0,0
liulihe_aq#45,0,0,0
liulihe_aq#46,0,0,0
liulihe_aq#47,0,0,0
qianmen_aq#0,0,0,0
qianmen_aq#1,0,0,0
qianmen_aq#2,0,0,0
qianmen_aq#3,0,0,0
qianmen_aq#4,0,0,0
qianmen_aq#5,0,0,0
qianmen_aq#6,0,0,0
qianmen_aq#7,0,0,0
qianmen_aq#8,0,0,0
qianmen_aq#9,0,0,0
qianmen_aq#10,0,0,0
qianmen_aq#11,0,0,0
qianmen_aq#12,0,0,0
qianmen_aq#13,0,0,0
qianmen_aq#14,0,0,0
qianmen_aq#15,0,0,0
qianmen_aq#16,0,0,0
qianmen_aq#17,0,0,0
qianmen_aq#18,0,0,0
qianmen_aq#19,0,0,0
qianmen_aq#20,0,0,0
qianmen_aq#21,0,0,0
qianmen_aq#22,0,0,0
qianmen_aq#23,0,0,0
qianmen_aq#24,0,0,0
qianmen_aq#25,0,0,0
qianmen_aq#26,0,0,0
qianmen_aq#27,0,0,0
qianmen_aq#28,0,0,0
qianmen_aq#29,0,0,0
qianmen_aq#30,0,0,0
qianmen_aq#31,0,0,0
qianmen_aq#32,0,0,0
qianmen_aq#33,0,0,0
qianmen_aq#34,0,0,0
qianmen_aq#35,0,0,0
qianmen_aq#36,0,0,0
qianmen_aq#37,0,0,0
qianmen_aq#38,0,0,0
qianmen_aq#39,0,0,0
qianmen_aq#40,0,0,0
qianmen_aq#41,0,0,0
qianmen_aq#42,0,0,0
qianmen_aq#43,0,0,0
qianmen_aq#44,0,0,0
qianmen_aq#45,0,0,0
qianmen_aq#46,0,0,0
qianmen_aq#47,0,0,0
yongdingmennei_aq#0,0,0,0
yongdingmennei_aq#1,0,0,0
yongdingmennei_aq#2,0,0,0
yongdingmennei_aq#3,0,0,0
yongdingmennei_aq#4,0,0,0
yongdingmennei_aq#5,0,0,0
yongdingmennei_aq#6,0,0,0
yongdingmennei_aq#7,0,0,0
yongdingmennei_aq#8,0,0,0
yongdingmennei_aq#9,0,0,0
yongdingmennei_aq#10,0,0,0
yongdingmennei_aq#11,0,0,0
yongdingmennei_aq#12,0,0,0
yongdingmennei_aq#13,0,0,0
yongdingmennei_aq#14,0,0,0
yongdingmennei_aq#15,0,0,0
yongdingmennei_aq#16,0,0,0
yongdingmennei_aq#17,0,0,0
yongdingmennei_aq#18,0,0,0
yongdingmennei_aq#19,0,0,0
yongdingmennei_aq#20,0,0,0
yongdingmennei_aq#21,0,0,0
yongdingmennei_aq#22,0,0,0
yongdingmennei_aq#23,0,0,0
yongdingmennei_aq#24,0,0,0
yongdingmennei_aq#25,0,0,0
yongdingmennei_aq#26,0,0,0
yongdingmennei_aq#27,0,0,0
yongdingmennei_aq#28,0,0,0
yongdingmennei_aq#29,0,0,0
yongdingmennei_aq#30,0,0,0
yongdingmennei_aq#31,0,0,0
yongdingmennei_aq#32,0,0,0
yongdingmennei_aq#33,0,0,0
yongdingmennei_aq#34,0,0,0
yongdingmennei_aq#35,0,0,0
yongdingmennei_aq#36,0,0,0
yongdingmennei_aq#37,0,0,0
yongdingmennei_aq#38,0,0,0
yongdingmennei_aq#39,0,0,0
yongdingmennei_aq#40,0,0,0
yongdingmennei_aq#41,0,0,0
yongdingmennei_aq#42,0,0,0
yongdingmennei_aq#43,0,0,0
yongdingmennei_aq#44,0,0,0
yongdingmennei_aq#45,0,0,0
yongdingmennei_aq#46,0,0,0
yongdingmennei_aq#47,0,0,0
xizhimenbei_aq#0,0,0,0
xizhimenbei_aq#1,0,0,0
xizhimenbei_aq#2,0,0,0
xizhimenbei_aq#3,0,0,0
xizhimenbei_aq#4,0,0,0
xizhimenbei_aq#5,0,0,0
xizhimenbei_aq#6,0,0,0
xizhimenbei_aq#7,0,0,0
xizhimenbei_aq#8,0,0,0
xizhimenbei_aq#9,0,0,0
xizhimenbei_aq#10,0,0,0
xizhimenbei_aq#11,0,0,0
xizhimenbei_aq#12,0,0,0
xizhimenbei_aq#13,0,0,0
xizhimenbei_aq#14,0,0,0
xizhimenbei_aq#15,0,0,0
xizhimenbei_aq#16,0,0,0
xizhimenbei_aq#17,0,0,0
xizhimenbei_aq#18,0,0,0
xizhimenbei_aq#19,0,0,0
xizhimenbei_aq#20,0,0,0
xizhimenbei_aq#21,0,0,0
xizhimenbei_aq#22,0,0,0
xizhimenbei_aq#23,0,0,0
xizhimenbei_aq#24,0,0,0
xizhimenbei_aq#25,0,0,0
xizhimenbei_aq#26,0,0,0
xizhimenbei_aq#27,0,0,0
xizhimenbei_aq#28,0,0,0
xizhimenbei_aq#29,0,0,0
xizhimenbei_aq#30,0,0,0
xizhimenbei_aq#31,0,0,0
xizhimenbei_aq#32,0,0,0
xizhimenbei_aq#33,0,0,0
xizhimenbei_aq#34,0,0,0
xizhimenbei_aq#35,0,0,0
xizhimenbei_aq#36,0,0,0
xizhimenbei_aq#37,0,0,0
xizhimenbei_aq#38,0,0,0
xizhimenbei_aq#39,0,0,0
xizhimenbei_aq#40,0,0,0
xizhimenbei_aq#41,0,0,0
xizhimenbei_aq#42,0,0,0
xizhimenbei_aq#43,0,0,0
xizhimenbei_aq#44,0,0,0
xizhimenbei_aq#45,0,0,0
xizhimenbei_aq#46,0,0,0
xizhimenbei_aq#47,0,0,0
nansanhuan_aq#0,0,0,0
nansanhuan_aq#1,0,0,0
nansanhuan_aq#2,0,0,0
nansanhuan_aq#3,0,0,0
nansanhuan_aq#4,0,0,0
nansanhuan_aq#5,0,0,0
nansanhuan_aq#6,0,0,0
nansanhuan_aq#7,0,0,0
nansanhuan_aq#8,0,0,0
nansanhuan_aq#9,0,0,0
nansanhuan_aq#10,0,0,0
nansanhuan_aq#11,0,0,0
nansanhuan_aq#12,0,0,0
nansanhuan_aq#13,0,0,0
nansanhuan_aq#14,0,0,0
nansanhuan_aq#15,0,0,0
nansanhuan_aq#16,0,0,0
nansanhuan_aq#17,0,0,0
nansanhuan_aq#18,0,0,0
nansanhuan_aq#19,0,0,0
nansanhuan_aq#20,0,0,0
nansanhuan_aq#21,0,0,0
nansanhuan_aq#22,0,0,0
nansanhuan_aq#23,0,0,0
nansanhuan_aq#24,0,0,0
nansanhuan_aq#25,0,0,0
nansanhuan_aq#26,0,0,0
nansanhuan_aq#27,0,0,0
nansanhuan_aq#28,0,0,0
nansanhuan_aq#29,0,0,0
nansanhuan_aq#30,0,0,0
nansanhuan_aq#31,0,0,0
nansanhuan_aq#32,0,0,0
nansanhuan_aq#33,0,0,0
nansanhuan_aq#34,0,0,0
nansanhuan_aq#35,0,0,0
nansanhuan_aq#36,0,0,0
nansanhuan_aq#37,0,0,0
nansanhuan_aq#38,0,0,0
nansanhuan_aq#39,0,0,0
nansanhuan_aq#40,0,0,0
nansanhuan_aq#41,0,0,0
nansanhuan_aq#42,0,0,0
nansanhuan_aq#43,0,0,0
nansanhuan_aq#44,0,0,0
nansanhuan_aq#45,0,0,0
nansanhuan_aq#46,0,0,0
nansanhuan_aq#47,0,0,0
dongsihuan_aq#0,0,0,0
dongsihuan_aq#1,0,0,0
dongsihuan_aq#2,0,0,0
dongsihuan_aq#3,0,0,0
dongsihuan_aq#4,0,0,0
dongsihuan_aq#5,0,0,0
dongsihuan_aq#6,0,0,0
dongsihuan_aq#7,0,0,0
dongsihuan_aq#8,0,0,0
dongsihuan_aq#9,0,0,0
dongsihuan_aq#10,0,0,0
dongsihuan_aq#11,0,0,0
dongsihuan_aq#12,0,0,0
dongsihuan_aq#13,0,0,0
dongsihuan_aq#14,0,0,0
dongsihuan_aq#15,0,0,0
dongsihuan_aq#16,0,0,0
dongsihuan_aq#17,0,0,0
dongsihuan_aq#18,0,0,0
dongsihuan_aq#19,0,0,0
dongsihuan_aq#20,0,0,0
dongsihuan_aq#21,0,0,0
dongsihuan_aq#22,0,0,0
dongsihuan_aq#23,0,0,0
dongsihuan_aq#24,0,0,0
dongsihuan_aq#25,0,0,0
dongsihuan_aq#26,0,0,0
dongsihuan_aq#27,0,0,0
dongsihuan_aq#28,0,0,0
dongsihuan_aq#29,0,0,0
dongsihuan_aq#30,0,0,0
dongsihuan_aq#31,0,0,0
dongsihuan_aq#32,0,0,0
dongsihuan_aq#33,0,0,0
dongsihuan_aq#34,0,0,0
dongsihuan_aq#35,0,0,0
dongsihuan_aq#36,0,0,0
dongsihuan_aq#37,0,0,0
dongsihuan_aq#38,0,0,0
dongsihuan_aq#39,0,0,0
dongsihuan_aq#40,0,0,0
dongsihuan_aq#41,0,0,0
dongsihuan_aq#42,0,0,0
dongsihuan_aq#43,0,0,0
dongsihuan_aq#44,0,0,0
dongsihuan_aq#45,0,0,0
dongsihuan_aq#46,0,0,0
dongsihuan_aq#47,0,0,0
CD1#0,0,0,
CD1#1,0,0,
CD1#2,0,0,
CD1#3,0,0,
CD1#4,0,0,
CD1#5,0,0,
CD1#6,0,0,
CD1#7,0,0,
CD1#8,0,0,
CD1#9,0,0,
CD1#10,0,0,
CD1#11,0,0,
CD1#12,0,0,
CD1#13,0,0,
CD1#14,0,0,
CD1#15,0,0,
CD1#16,0,0,
CD1#17,0,0,
CD1#18,0,0,
CD1#19,0,0,
CD1#20,0,0,
CD1#21,0,0,
CD1#22,0,0,
CD1#23,0,0,
CD1#24,0,0,
CD1#25,0,0,
CD1#26,0,0,
CD1#27,0,0,
CD1#28,0,0,
CD1#29,0,0,
CD1#30,0,0,
CD1#31,0,0,
CD1#32,0,0,
CD1#33,0,0,
CD1#34,0,0,
CD1#35,0,0,
CD1#36,0,0,
CD1#37,0,0,
CD1#38,0,0,
CD1#39,0,0,
CD1#40,0,0,
CD1#41,0,0,
CD1#42,0,0,
CD1#43,0,0,
CD1#44,0,0,
CD1#45,0,0,
CD1#46,0,0,
CD1#47,0,0,
BL0#0,0,0,
BL0#1,0,0,
BL0#2,0,0,
BL0#3,0,0,
BL0#4,0,0,
BL0#5,0,0,
BL0#6,0,0,
BL0#7,0,0,
BL0#8,0,0,
BL0#9,0,0,
BL0#10,0,0,
BL0#11,0,0,
BL0#12,0,0,
BL0#13,0,0,
BL0#14,0,0,
BL0#15,0,0,
BL0#16,0,0,
BL0#17,0,0,
BL0#18,0,0,
BL0#19,0,0,
BL0#20,0,0,
BL0#21,0,0,
BL0#22,0,0,
BL0#23,0,0,
BL0#24,0,0,
BL0#25,0,0,
BL0#26,0,0,
BL0#27,0,0,
BL0#28,0,0,
BL0#29,0,0,
BL0#30,0,0,
BL0#31,0,0,
BL0#32,0,0,
BL0#33,0,0,
BL0#34,0,0,
BL0#35,0,0,
BL0#36,0,0,
BL0#37,0,0,
BL0#38,0,0,
BL0#39,0,0,
BL0#40,0,0,
BL0#41,0,0,
BL0#42,0,0,
BL0#43,0,0,
BL0#44,0,0,
BL0#45,0,0,
BL0#46,0,0,
BL0#47,0,0,
GR4#0,0,0,
GR4#1,0,0,
GR4#2,0,0,
GR4#3,0,0,
GR4#4,0,0,
GR4#5,0,0,
GR4#6,0,0,
GR4#7,0,0,
GR4#8,0,0,
GR4#9,0,0,
GR4#10,0,0,
GR4#11,0,0,
GR4#12,0,0,
GR4#13,0,0,
GR4#14,0,0,
GR4#15,0,0,
GR4#16,0,0,
GR4#17,0,0,
GR4#18,0,0,
GR4#19,0,0,
GR4#20,0,0,
GR4#21,0,0,
GR4#22,0,0,
GR4#23,0,0,
GR4#24,0,0,
GR4#25,0,0,
GR4#26,0,0,
GR4#27,0,0,
GR4#28,0,0,
GR4#29,0,0,
GR4#30,0,0,
GR4#31,0,0,
GR4#32,0,0,
GR4#33,0,0,
GR4#34,0,0,
GR4#35,0,0,
GR4#36,0,0,
GR4#37,0,0,
GR4#38,0,0,
GR4#39,0,0,
GR4#40,0,0,
GR4#41,0,0,
GR4#42,0,0,
GR4#43,0,0,
GR4#44,0,0,
GR4#45,0,0,
GR4#46,0,0,
GR4#47,0,0,
MY7#0,0,0,
MY7#1,0,0,
MY7#2,0,0,
MY7#3,0,0,
MY7#4,0,0,
MY7#5,0,0,
MY7#6,0,0,
MY7#7,0,0,
MY7#8,0,0,
MY7#9,0,0,
MY7#10,0,0,
MY7#11,0,0,
MY7#12,0,0,
MY7#13,0,0,
MY7#14,0,0,
MY7#15,0,0,
MY7#16,0,0,
MY7#17,0,0,
MY7#18,0,0,
MY7#19,0,0,
MY7#20,0,0,
MY7#21,0,0,
MY7#22,0,0,
MY7#23,0,0,
MY7#24,0,0,
MY7#25,0,0,
MY7#26,0,0,
MY7#27,0,0,
MY7#28,0,0,
MY7#29,0,0,
MY7#30,0,0,
MY7#31,0,0,
MY7#32,0,0,
MY7#33,0,0,
MY7#34,0,0,
MY7#35,0,0,
MY7#36,0,0,
MY7#37,0,0,
MY7#38,0,0,
MY7#39,0,0,
MY7#40,0,0,
MY7#41,0,0,
MY7#42,0,0,
MY7#43,0,0,
MY7#44,0,0,
MY7#45,0,0,
MY7#46,0,0,
MY7#47,0,0,
HV1#0,0,0,
HV1#1,0,0,
HV1#2,0,0,
HV1#3,0,0,
HV1#4,0,0,
HV1#5,0,0,
HV1#6,0,0,
HV1#7,0,0,
HV1#8,0,0,
HV1#9,0,0,
HV1#10,0,0,
HV1#11,0,0,
HV1#12,0,0,
HV1#13,0,0,
HV1#14,0,0,
HV1#15,0,0,
HV1#16,0,0,
HV1#17,0,0,
HV1#18,0,0,
HV1#19,0,0,
HV1#20,0,0,
HV1#21,0,0,
HV1#22,0,0,
HV1#23,0,0,
HV1#24,0,0,
HV1#25,0,0,
HV1#26,0,0,
HV1#27,0,0,
HV1#28,0,0,
HV1#29,0,0,
HV1#30,0,0,
HV1#31,0,0,
HV1#32,0,0,
HV1#33,0,0,
HV1#34,0,0,
HV1#35,0,0,
HV1#36,0,0,
HV1#37,0,0,
HV1#38,0,0,
HV1#39,0,0,
HV1#40,0,0,
HV1#41,0,0,
HV1#42,0,0,
HV1#43,0,0,
HV1#44,0,0,
HV1#45,0,0,
HV1#46,0,0,
HV1#47,0,0,
GN3#0,0,0,
GN3#1,0,0,
GN3#2,0,0,
GN3#3,0,0,
GN3#4,0,0,
GN3#5,0,0,
GN3#6,0,0,
GN3#7,0,0,
GN3#8,0,0,
GN3#9,0,0,
GN3#10,0,0,
GN3#11,0,0,
GN3#12,0,0,
GN3#13,0,0,
GN3#14,0,0,
GN3#15,0,0,
GN3#16,0,0,
GN3#17,0,0,
GN3#18,0,0,
GN3#19,0,0,
GN3#20,0,0,
GN3#21,0,0,
GN3#22,0,0,
GN3#23,0,0,
GN3#24,0,0,
GN3#25,0,0,
GN3#26,0,0,
GN3#27,0,0,
GN3#28,0,0,
GN3#29,0,0,
GN3#30,0,0,
GN3#31,0,0,
GN3#32,0,0,
GN3#33,0,0,
GN3#34,0,0,
GN3#35,0,0,
GN3#36,0,0,
GN3#37,0,0,
GN3#38,0,0,
GN3#39,0,0,
GN3#40,0,0,
GN3#41,0,0,
GN3#42,0,0,
GN3#43,0,0,
GN3#44,0,0,
GN3#45,0,0,
GN3#46,0,0,
GN3#47,0,0,
GR9#0,0,0,
GR9#1,0,0,
GR9#2,0,0,
GR9#3,0,0,
GR9#4,0,0,
GR9#5,0,0,
GR9#6,0,0,
GR9#7,0,0,
GR9#8,0,0,
GR9#9,0,0,
GR9#10,0,0,
GR9#11,0,0,
GR9#12,0,0,
GR9#13,0,0,
GR9#14,0,0,
GR9#15,0,0,
GR9#16,0,0,
GR9#17,0,0,
GR9#18,0,0,
GR9#19,0,0,
GR9#20,0,0,
GR9#21,0,0,
GR9#22,0,0,
GR9#23,0,0,
GR9#24,0,0,
GR9#25,0,0,
GR9#26,0,0,
GR9#27,0,0,
GR9#28,0,0,
GR9#29,0,0,
GR9#30,0,0,
GR9#31,0,0,
GR9#32,0,0,
GR9#33,0,0,
GR9#34,0,0,
GR9#35,0,0,
GR9#36,0,0,
GR9#37,0,0,
GR9#38,0,0,
GR9#39,0,0,
GR9#40,0,0,
GR9#41,0,0,
GR9#42,0,0,
GR9#43,0,0,
GR9#44,0,0,
GR9#45,0,0,
GR9#46,0,0,
GR9#47,0,0,
LW2#0,0,0,
LW2#1,0,0,
LW2#2,0,0,
LW2#3,0,0,
LW2#4,0,0,
LW2#5,0,0,
LW2#6,0,0,
LW2#7,0,0,
LW2#8,0,0,
LW2#9,0,0,
LW2#10,0,0,
LW2#11,0,0,
LW2#12,0,0,
LW2#13,0,0,
LW2#14,0,0,
LW2#15,0,0,
LW2#16,0,0,
LW2#17,0,0,
LW2#18,0,0,
LW2#19,0,0,
LW2#20,0,0,
LW2#21,0,0,
LW2#22,0,0,
LW2#23,0,0,
LW2#24,0,0,
LW2#25,0,0,
LW2#26,0,0,
LW2#27,0,0,
LW2#28,0,0,
LW2#29,0,0,
LW2#30,0,0,
LW2#31,0,0,
LW2#32,0,0,
LW2#33,0,0,
LW2#34,0,0,
LW2#35,0,0,
LW2#36,0,0,
LW2#37,0,0,
LW2#38,0,0,
LW2#39,0,0,
LW2#40,0,0,
LW2#41,0,0,
LW2#42,0,0,
LW2#43,0,0,
LW2#44,0,0,
LW2#45,0,0,
LW2#46,0,0,
LW2#47,0,0,
GN0#0,0,0,
GN0#1,0,0,
GN0#2,0,0,
GN0#3,0,0,
GN0#4,0,0,
GN0#5,0,0,
GN0#6,0,0,
GN0#7,0,0,
GN0#8,0,0,
GN0#9,0,0,
GN0#10,0,0,
GN0#11,0,0,
GN0#12,0,0,
GN0#13,0,0,
GN0#14,0,0,
GN0#15,0,0,
GN0#16,0,0,
GN0#17,0,0,
GN0#18,0,0,
GN0#19,0,0,
GN0#20,0,0,
GN0#21,0,0,
GN0#22,0,0,
GN0#23,0,0,
GN0#24,0,0,
GN0#25,0,0,
GN0#26,0,0,
GN0#27,0,0,
GN0#28,0,0,
GN0#29,0,0,
GN0#30,0,0,
GN0#31,0,0,
GN0#32,0,0,
GN0#33,0,0,
GN0#34,0,0,
GN0#35,0,0,
GN0#36,0,0,
GN0#37,0,0,
GN0#38,0,0,
GN0#39,0,0,
GN0#40,0,0,
GN0#41,0,0,
GN0#42,0,0,
GN0#43,0,0,
GN0#44,0,0,
GN0#45,0,0,
GN0#46,0,0,
GN0#47,0,0,
KF1#0,0,0,
KF1#1,0,0,
KF1#2,0,0,
KF1#3,0,0,
KF1#4,0,0,
KF1#5,0,0,
KF1#6,0,0,
KF1#7,0,0,
KF1#8,0,0,
KF1#9,0,0,
KF1#10,0,0,
KF1#11,0,0,
KF1#12,0,0,
KF1#13,0,0,
KF1#14,0,0,
KF1#15,0,0,
KF1#16,0,0,
KF1#17,0,0,
KF1#18,0,0,
KF1#19,0,0,
KF1#20,0,0,
KF1#21,0,0,
KF1#22,0,0,
KF1#23,0,0,
KF1#24,0,0,
KF1#25,0,0,
KF1#26,0,0,
KF1#27,0,0,
KF1#28,0,0,
KF1#29,0,0,
KF1#30,0,0,
KF1#31,0,0,
KF1#32,0,0,
KF1#33,0,0,
KF1#34,0,0,
KF1#35,0,0,
KF1#36,0,0,
KF1#37,0,0,
KF1#38,0,0,
KF1#39,0,0,
KF1#40,0,0,
KF1#41,0,0,
KF1#42,0,0,
KF1#43,0,0,
KF1#44,0,0,
KF1#45,0,0,
KF1#46,0,0,
KF1#47,0,0,
CD9#0,0,0,
CD9#1,0,0,
CD9#2,0,0,
CD9#3,0,0,
CD9#4,0,0,
CD9#5,0,0,
CD9#6,0,0,
CD9#7,0,0,
CD9#8,0,0,
CD9#9,0,0,
CD9#10,0,0,
CD9#11,0,0,
CD9#12,0,0,
CD9#13,0,0,
CD9#14,0,0,
CD9#15,0,0,
CD9#16,0,0,
CD9#17,0,0,
CD9#18,0,0,
CD9#19,0,0,
CD9#20,0,0,
CD9#21,0,0,
CD9#22,0,0,
CD9#23,0,0,
CD9#24,0,0,
CD9#25,0,0,
CD9#26,0,0,
CD9#27,0,0,
CD9#28,0,0,
CD9#29,0,0,
CD9#30,0,0,
CD9#31,0,0,
CD9#32,0,0,
CD9#33,0,0,
CD9#34,0,0,
CD9#35,0,0,
CD9#36,0,0,
CD9#37,0,0,
CD9#38,0,0,
CD9#39,0,0,
CD9#40,0,0,
CD9#41,0,0,
CD9#42,0,0,
CD9#43,0,0,
CD9#44,0,0,
CD9#45,0,0,
CD9#46,0,0,
CD9#47,0,0,
ST5#0,0,0,
ST5#1,0,0,
ST5#2,0,0,
ST5#3,0,0,
ST5#4,0,0,
ST5#5,0,0,
ST5#6,0,0,
ST5#7,0,0,
ST5#8,0,0,
ST5#9,0,0,
ST5#10,0,0,
ST5#11,0,0,
ST5#12,0,0,
ST5#13,0,0,
ST5#14,0,0,
ST5#15,0,0,
ST5#16,0,0,
ST5#17,0,0,
ST5#18,0,0,
ST5#19,0,0,
ST5#20,0,0,
ST5#21,0,0,
ST5#22,0,0,
ST5#23,0,0,
ST5#24,0,0,
ST5#25,0,0,
ST5#26,0,0,
ST5#27,0,0,
ST5#28,0,0,
ST5#29,0,0,
ST5#30,0,0,
ST5#31,0,0,
ST5#32,0,0,
ST5#33,0,0,
ST5#34,0,0,
ST5#35,0,0,
ST5#36,0,0,
ST5#37,0,0,
ST5#38,0,0,
ST5#39,0,0,
ST5#40,0,0,
ST5#41,0,0,
ST5#42,0,0,
ST5#43,0,0,
ST5#44,0,0,
ST5#45,0,0,
ST5#46,0,0,
ST5#47,0,0,
TH4#0,0,0,
TH4#1,0,0,
TH4#2,0,0,
TH4#3,0,0,
TH4#4,0,0,
TH4#5,0,0,
TH4#6,0,0,
TH4#7,0,0,
TH4#8,0,0,
TH4#9,0,0,
TH4#10,0,0,
TH4#11,0,0,
TH4#12,0,0,
TH4#13,0,0,
TH4#14,0,0,
TH4#15,0,0,
TH4#16,0,0,
TH4#17,0,0,
TH4#18,0,0,
TH4#19,0,0,
TH4#20,0,0,
TH4#21,0,0,
TH4#22,0,0,
TH4#23,0,0,
TH4#24,0,0,
TH4#25,0,0,
TH4#26,0,0,
TH4#27,0,0,
TH4#28,0,0,
TH4#29,0,0,
TH4#30,0,0,
TH4#31,0,0,
TH4#32,0,0,
TH4#33,0,0,
TH4#34,0,0,
TH4#35,0,0,
TH4#36,0,0,
TH4#37,0,0,
TH4#38,0,0,
TH4#39,0,0,
TH4#40,0,0,
TH4#41,0,0,
TH4#42,0,0,
TH4#43,0,0,
TH4#44,0,0,
TH4#45,0,0,
TH4#46,0,0,
TH4#47,0,0,
