index_col,PM25_Concentration,PM10_Concentration,NO2_Concentration,CO_Concentration,O3_Concentration,SO2_Concentration
0,0.133,0.051333333333333335,0.3233333333333333,0.06000000000000001,0.098,0.06666666666666668
1,0.134,0.05366666666666667,0.33,0.05333333333333334,0.044000000000000004,0.05
2,0.134,0.05166666666666666,0.38333333333333336,0.06666666666666668,0.004,0.03
3,0.17800000000000002,0.06833333333333333,0.39,0.09333333333333332,0.016,0.02333333333333333
4,0.248,0.086,0.32,0.10666666666666667,0.01,0.02333333333333333
5,0.257,0.10800000000000001,0.2966666666666667,0.12666666666666665,0.008,0.02333333333333333
6,0.253,0.1165,0.2933333333333333,0.16666666666666666,0.006,0.02333333333333333
7,0.263,0.11083333333333334,0.2933333333333333,0.16999999999999998,0.018000000000000002,0.03
8,0.273,0.10516666666666667,0.2933333333333333,0.17333333333333334,0.03,0.03666666666666667
9,0.3,0.1115,0.3,0.16,0.062,0.043333333333333335
10,0.304,0.10966666666666666,0.27,0.15333333333333332,0.094,0.05666666666666665
11,0.297,0.10766666666666666,0.2766666666666667,0.16,0.124,0.06333333333333334
12,0.295,0.10316666666666667,0.26,0.16,0.17600000000000002,0.07333333333333332
13,0.284,0.09366666666666666,0.23666666666666664,0.14666666666666667,0.228,0.07
14,0.266,0.09216666666666666,0.23666666666666664,0.14,0.282,0.07666666666666666
15,0.251,0.09516666666666666,0.21,0.12,0.374,0.07333333333333332
16,0.247,0.09883333333333333,0.2633333333333333,0.12,0.358,0.06666666666666668
17,0.259,0.09555555555555556,0.3333333333333333,0.14666666666666667,0.3,0.06
18,0.268,0.09366666666666666,0.4566666666666666,0.14666666666666667,0.17600000000000002,0.043333333333333335
19,0.285,0.09566666666666666,0.32666666666666666,0.16,0.228,0.03666666666666667
20,0.281,0.09316666666666666,0.3233333333333333,0.15333333333333332,0.19399999999999998,0.043333333333333335
21,0.271,0.1155,0.30666666666666664,0.12666666666666665,0.156,0.043333333333333335
22,0.067,0.127,0.11333333333333333,0.04,0.156,0.03333333333333333
23,0.057,0.13366666666666666,0.09333333333333334,0.04666666666666666,0.166,0.04
24,0.039,0.09066666666666667,0.1,0.02666666666666667,0.158,0.02666666666666667
25,0.031,0.07066666666666667,0.10666666666666667,0.03333333333333333,0.146,0.02
26,0.026000000000000002,0.0665,0.095,0.026666666666666665,0.14300000000000002,0.023333333333333334
27,0.021,0.062333333333333324,0.08333333333333333,0.02,0.14,0.02666666666666667
28,0.016,0.054000000000000006,0.05666666666666665,0.013333333333333334,0.17,0.016666666666666666
29,0.012,0.04233333333333333,0.05333333333333334,0.013333333333333334,0.18,0.006666666666666667
30,0.006999999999999999,0.04166666666666666,0.06333333333333334,0.013333333333333334,0.18,0.006666666666666667
31,0.008,0.04033333333333333,0.09666666666666666,0.02,0.162,0.01
32,0.006,0.03133333333333333,0.13,0.02,0.152,0.006666666666666667
33,0.013999999999999999,0.029666666666666668,0.11333333333333333,0.02,0.158,0.006666666666666667
34,0.01,0.034,0.09666666666666666,0.02,0.166,0.006666666666666667
35,0.003,0.029333333333333333,0.08333333333333333,0.02,0.17800000000000002,0.006666666666666667
36,0.013999999999999999,0.03333333333333333,0.06666666666666668,0.013333333333333334,0.184,0.006666666666666667
37,0.009000000000000001,0.060333333333333336,0.06333333333333334,0.013333333333333334,0.18,0.006666666666666667
38,0.013999999999999999,0.033666666666666664,0.07,0.013333333333333334,0.18,0.006666666666666667
39,0.005,0.009333333333333334,0.07333333333333332,0.013333333333333334,0.166,0.006666666666666667
40,0.006999999999999999,0.07133333333333333,0.08,0.013333333333333334,0.136,0.006666666666666667
41,0.006999999999999999,0.036333333333333336,0.08666666666666667,0.013333333333333334,0.134,0.006666666666666667
42,0.006,0.014333333333333332,0.08666666666666667,0.013333333333333334,0.136,0.006666666666666667
43,0.006,0.0065,0.09333333333333334,0.013333333333333334,0.134,0.006666666666666667
44,0.01,0.004666666666666667,0.11666666666666667,0.02,0.10800000000000001,0.006666666666666667
45,0.013999999999999999,0.0038333333333333327,0.15,0.02,0.07200000000000001,0.006666666666666667
46,0.016,0.0115,0.13,0.02,0.08199999999999999,0.006666666666666667
47,0.019,0.009166666666666668,0.13,0.02,0.07200000000000001,0.006666666666666667
48,0.023,0.011000000000000001,0.14,0.02,0.054000000000000006,0.006666666666666667
49,0.027000000000000003,0.011305555555555557,0.16666666666666666,0.02,0.02,0.013333333333333334
50,0.027000000000000003,0.010833333333333334,0.18666666666666668,0.02666666666666667,0.004,0.013333333333333334
51,0.023,0.011166666666666668,0.18,0.02666666666666667,0.059000000000000004,0.01
52,0.027999999999999997,0.012948717948717952,0.12666666666666668,0.02,0.027999999999999997,0.013333333333333334
53,0.026000000000000002,0.012533333333333334,0.15666666666666668,0.02,0.02,0.013333333333333334
54,0.03,0.02353333333333333,0.16666666666666666,0.03333333333333333,0.013999999999999999,0.016666666666666666
55,0.031,0.013666666666666669,0.19,0.04666666666666666,0.02,0.013333333333333334
56,0.035,0.02183333333333333,0.17,0.04,0.038,0.016666666666666666
57,0.031,0.011555555555555557,0.14666666666666667,0.03333333333333333,0.092,0.02
58,0.013000000000000001,0.004666666666666667,0.12,0.03333333333333333,0.128,0.02333333333333333
59,0.019166666666666665,0.006333333333333333,0.10333333333333333,0.03,0.14300000000000002,0.02333333333333333
60,0.025333333333333333,0.008,0.08666666666666667,0.02666666666666667,0.158,0.02333333333333333
61,0.013999999999999999,0.010333333333333332,0.11333333333333333,0.02666666666666667,0.138,0.02
62,0.01,0.019,0.10666666666666667,0.03333333333333333,0.14,0.02666666666666667
63,0.022000000000000002,0.009333333333333334,0.08,0.03333333333333333,0.15,0.016666666666666666
64,0.008,0.008333333333333333,0.13,0.02666666666666667,0.098,0.016666666666666666
65,0.022000000000000002,0.00575,0.14666666666666667,0.03333333333333333,0.078,0.013333333333333334
66,0.023,0.007208333333333333,0.16333333333333333,0.039999999999999994,0.065,0.015
67,0.024,0.008666666666666666,0.18,0.04666666666666666,0.052000000000000005,0.016666666666666666
68,0.028999999999999998,0.014787878787878787,0.20666666666666667,0.05333333333333334,0.046,0.016666666666666666
69,0.035,0.013171428571428574,0.2333333333333333,0.06000000000000001,0.024,0.016666666666666666
70,0.027000000000000003,0.011320610687022902,0.22666666666666666,0.04666666666666666,0.034,0.016666666666666666
71,0.028999999999999998,0.00953944020356234,0.17,0.04,0.06,0.02
72,0.027000000000000003,0.007758269720101779,0.18,0.04,0.044000000000000004,0.016666666666666666
73,0.027999999999999997,0.006443859649122806,0.19333333333333333,0.05333333333333334,0.02,0.02
74,0.025,0.006996491228070175,0.16666666666666666,0.04666666666666666,0.03,0.016666666666666666
75,0.037000000000000005,0.007549122807017545,0.08333333333333333,0.03333333333333333,0.092,0.02
76,0.039,0.008101754385964912,0.07,0.03333333333333333,0.098,0.02
77,0.0465,0.008378070175438596,0.08166666666666667,0.03666666666666667,0.09,0.021666666666666667
78,0.054000000000000006,0.008654385964912279,0.09333333333333334,0.04,0.08199999999999999,0.02333333333333333
79,0.040999999999999995,0.00920701754385965,0.10666666666666667,0.04,0.08199999999999999,0.02333333333333333
80,0.04,0.017433333333333332,0.1,0.03333333333333333,0.092,0.02
81,0.043,0.01788333333333333,0.10666666666666666,0.03666666666666667,0.083,0.021666666666666667
82,0.046,0.01833333333333333,0.11333333333333333,0.04,0.07400000000000001,0.02333333333333333
83,0.049,0.01833333333333333,0.11666666666666667,0.04,0.07200000000000001,0.02
84,0.05,0.01833333333333333,0.11,0.04666666666666666,0.076,0.02333333333333333
85,0.051,0.01983333333333333,0.09666666666666666,0.04,0.08199999999999999,0.02666666666666667
86,0.05449999999999999,0.02008333333333333,0.105,0.04,0.077,0.02666666666666667
87,0.057999999999999996,0.02033333333333333,0.11333333333333333,0.04,0.07200000000000001,0.02666666666666667
88,0.068,0.03066666666666666,0.12,0.04,0.07,0.02666666666666667
89,0.078,0.034,0.13333333333333333,0.04666666666666666,0.06,0.02666666666666667
90,0.07400000000000001,0.032,0.15666666666666668,0.04666666666666666,0.04,0.02
91,0.07400000000000001,0.03233333333333333,0.20666666666666667,0.05333333333333334,0.012,0.02333333333333333
92,0.052000000000000005,0.029666666666666668,0.15666666666666668,0.04,0.07400000000000001,0.02333333333333333
93,0.031,0.10733333333333334,0.03333333333333333,0.02,0.18,0.02333333333333333
94,0.048,0.15466666666666667,0.02666666666666667,0.02,0.18600000000000003,0.02
95,0.06,0.16666666666666666,0.02666666666666667,0.02,0.182,0.02333333333333333
96,0.051,0.122,0.02666666666666667,0.02,0.17,0.02
97,0.019,0.044333333333333336,0.02,0.02,0.166,0.013333333333333334
98,0.014,0.029166666666666667,0.018333333333333333,0.016666666666666666,0.1585,0.01
99,0.009000000000000001,0.013999999999999999,0.016666666666666666,0.013333333333333334,0.151,0.006666666666666667
100,0.006,0.02033333333333333,0.02333333333333333,0.013333333333333334,0.19399999999999998,0.006666666666666667
101,0.018000000000000002,0.028333333333333325,0.03,0.02,0.196,0.006666666666666667
102,0.018000000000000002,0.028333333333333325,0.043333333333333335,0.02,0.188,0.01
103,0.016,0.028333333333333325,0.05,0.02,0.184,0.006666666666666667
104,0.018500000000000003,0.025166666666666664,0.05333333333333333,0.02,0.187,0.006666666666666667
105,0.021,0.022000000000000002,0.05666666666666665,0.02,0.19,0.006666666666666667
106,0.018000000000000002,0.01833333333333333,0.04666666666666667,0.02,0.19,0.006666666666666667
107,0.013999999999999999,0.012333333333333332,0.04666666666666667,0.02,0.182,0.006666666666666667
108,0.013000000000000001,0.009666666666666669,0.03666666666666667,0.013333333333333334,0.188,0.006666666666666667
109,0.005,0.007333333333333333,0.03333333333333333,0.013333333333333334,0.19399999999999998,0.006666666666666667
110,0.006,0.011666666666666669,0.03666666666666667,0.013333333333333334,0.188,0.006666666666666667
111,0.005,0.012333333333333332,0.03666666666666667,0.013333333333333334,0.188,0.006666666666666667
112,0.006999999999999999,0.011666666666666669,0.03666666666666667,0.013333333333333334,0.196,0.006666666666666667
113,0.006999999999999999,0.009000000000000001,0.04,0.013333333333333334,0.198,0.006666666666666667
114,0.008,0.007666666666666665,0.03666666666666667,0.013333333333333334,0.19399999999999998,0.006666666666666667
115,0.008,0.008666666666666666,0.03666666666666667,0.013333333333333334,0.192,0.006666666666666667
116,0.011000000000000001,0.01,0.04,0.013333333333333334,0.192,0.006666666666666667
117,0.010000000000000002,0.009666666666666667,0.04166666666666667,0.016666666666666666,0.198,0.006666666666666667
118,0.009000000000000001,0.009333333333333334,0.043333333333333335,0.02,0.204,0.006666666666666667
119,0.00875,0.010083333333333333,0.0425,0.018333333333333333,0.2035,0.006666666666666667
120,0.0085,0.010833333333333334,0.04166666666666667,0.016666666666666666,0.20299999999999999,0.006666666666666667
121,0.00825,0.011583333333333333,0.04083333333333333,0.015000000000000001,0.20249999999999999,0.006666666666666667
122,0.008,0.012333333333333332,0.04,0.013333333333333334,0.20199999999999999,0.006666666666666667
123,0.006999999999999999,0.012333333333333332,0.04666666666666667,0.013333333333333334,0.192,0.006666666666666667
124,0.006,0.011000000000000001,0.043333333333333335,0.013333333333333334,0.196,0.006666666666666667
125,0.006999999999999999,0.01,0.05,0.013333333333333334,0.18600000000000003,0.01
126,0.008,0.009333333333333334,0.06,0.02,0.182,0.006666666666666667
127,0.0085,0.0085,0.065,0.02,0.18,0.01
128,0.009000000000000001,0.007666666666666665,0.07,0.02,0.17800000000000002,0.013333333333333334
129,0.01,0.007333333333333333,0.07666666666666666,0.02,0.17800000000000002,0.01
130,0.016,0.006,0.08333333333333333,0.02,0.184,0.01
131,0.009000000000000001,0.007666666666666665,0.07,0.02,0.188,0.01
132,0.013000000000000001,0.006333333333333333,0.07333333333333332,0.02,0.196,0.013333333333333334
133,0.013000000000000001,0.009666666666666669,0.07333333333333332,0.013333333333333334,0.21600000000000003,0.01
134,0.013000000000000001,0.012,0.06,0.013333333333333334,0.22,0.013333333333333334
135,0.018500000000000003,0.016333333333333335,0.07166666666666666,0.016666666666666666,0.212,0.03166666666666667
136,0.024,0.02066666666666667,0.08333333333333333,0.02,0.204,0.05
137,0.028999999999999998,0.02633333333333333,0.11,0.02666666666666667,0.192,0.043333333333333335
138,0.033,0.029666666666666668,0.19666666666666666,0.03333333333333333,0.154,0.04
139,0.037000000000000005,0.034,0.26666666666666666,0.04,0.106,0.03666666666666667
140,0.046,0.035,0.3133333333333333,0.04666666666666666,0.066,0.03
141,0.04,0.03,0.3,0.05333333333333334,0.064,0.03
142,0.038,0.03,0.31666666666666665,0.04,0.048,0.03
143,0.045,0.03033333333333333,0.2966666666666667,0.06666666666666668,0.048,0.03
144,0.037000000000000005,0.023666666666666662,0.24,0.06000000000000001,0.06,0.02666666666666667
145,0.035,0.021333333333333333,0.26666666666666666,0.04666666666666666,0.03,0.04
146,0.036000000000000004,0.02033333333333333,0.2466666666666667,0.04666666666666666,0.042,0.04666666666666667
147,0.032,0.02,0.2466666666666667,0.04666666666666666,0.039,0.043333333333333335
148,0.033,0.02,0.3,0.04666666666666666,0.038,0.043333333333333335
149,0.04,0.033666666666666664,0.3933333333333333,0.06666666666666668,0.004,0.04
150,0.044000000000000004,0.04766666666666667,0.4266666666666667,0.07333333333333332,0.004,0.04
151,0.043,0.03666666666666667,0.3633333333333333,0.07333333333333332,0.024,0.04666666666666667
152,0.040999999999999995,0.02666666666666667,0.32,0.05333333333333334,0.06,0.05
153,0.043,0.02733333333333333,0.2733333333333333,0.05333333333333334,0.084,0.04666666666666667
154,0.033,0.025,0.22333333333333333,0.04666666666666666,0.105,0.05
155,0.04,0.023666666666666662,0.22,0.05333333333333334,0.134,0.05333333333333334
156,0.037000000000000005,0.02333333333333333,0.18333333333333326,0.04,0.158,0.04666666666666667
157,0.036000000000000004,0.021666666666666667,0.18,0.04,0.168,0.05
158,0.031,0.021666666666666667,0.17666666666666667,0.04,0.174,0.05333333333333334
159,0.033,0.028333333333333325,0.13333333333333333,0.04,0.20800000000000002,0.05666666666666665
160,0.047,0.034333333333333334,0.13,0.04666666666666666,0.212,0.05666666666666665
161,0.046,0.037333333333333336,0.16,0.05333333333333334,0.198,0.06
162,0.055999999999999994,0.038,0.21333333333333332,0.05333333333333334,0.17600000000000002,0.06
163,0.061,0.038,0.25,0.05333333333333334,0.14400000000000002,0.08333333333333333
164,0.054000000000000006,0.038,0.23666666666666664,0.05333333333333334,0.14400000000000002,0.07666666666666666
165,0.063,0.04166666666666666,0.32,0.05333333333333334,0.086,0.07
166,0.053,0.033666666666666664,0.2633333333333333,0.05333333333333334,0.08800000000000001,0.07333333333333332
167,0.044000000000000004,0.027666666666666662,0.29,0.04,0.08199999999999999,0.06
168,0.040999999999999995,0.023666666666666662,0.25666666666666665,0.04,0.08800000000000001,0.05666666666666665
169,0.040999999999999995,0.02433333333333333,0.2966666666666667,0.04666666666666666,0.048,0.05333333333333334
170,0.049,0.03133333333333333,0.34,0.06666666666666668,0.012,0.04666666666666667
171,0.06,0.03,0.36666666666666653,0.07333333333333332,0.004,0.043333333333333335
172,0.064,0.028999999999999998,0.34,0.07333333333333332,0.006,0.043333333333333335
173,0.07400000000000001,0.029666666666666668,0.33,0.07333333333333332,0.013999999999999999,0.05333333333333334
174,0.073,0.03966666666666667,0.33,0.14,0.027999999999999997,0.06666666666666668
175,0.07200000000000001,0.03966666666666667,0.3366666666666667,0.15333333333333332,0.04,0.11333333333333333
176,0.071,0.035666666666666666,0.32666666666666666,0.16,0.064,0.17666666666666667
177,0.075,0.034666666666666665,0.3133333333333333,0.16666666666666666,0.092,0.18333333333333326
178,0.076,0.03333333333333333,0.29,0.15333333333333332,0.124,0.17
179,0.078,0.033666666666666664,0.28,0.14666666666666667,0.154,0.16666666666666666
180,0.081,0.034666666666666665,0.25666666666666665,0.14666666666666667,0.19,0.15666666666666668
181,0.085,0.03833333333333333,0.24,0.13333333333333333,0.212,0.17
182,0.0995,0.04416666666666667,0.25666666666666665,0.14,0.23199999999999998,0.17666666666666664
183,0.114,0.05,0.2733333333333333,0.14666666666666667,0.252,0.18333333333333326
184,0.11599999999999999,0.05,0.3,0.15333333333333332,0.25,0.17666666666666667
185,0.126,0.055,0.39,0.16,0.198,0.16666666666666666
186,0.138,0.058666666666666666,0.4566666666666666,0.15333333333333332,0.15,0.13666666666666666
187,0.138,0.057666666666666665,0.4133333333333333,0.12666666666666665,0.138,0.11
188,0.129,0.057333333333333326,0.4133333333333333,0.11333333333333333,0.14,0.11333333333333333
189,0.126,0.05666666666666665,0.4566666666666666,0.11333333333333333,0.096,0.11
190,0.098,0.05533333333333333,0.31,0.13333333333333333,0.10400000000000001,0.12666666666666668
191,0.08800000000000001,0.049666666666666665,0.2933333333333333,0.15333333333333332,0.08,0.11333333333333333
192,0.08800000000000001,0.046,0.3333333333333333,0.14,0.038,0.09666666666666666
193,0.0855,0.04533333333333334,0.31999999999999995,0.13,0.034,0.075
194,0.083,0.04466666666666667,0.30666666666666664,0.12,0.03,0.05333333333333334
195,0.077,0.04566666666666667,0.32,0.13333333333333333,0.009000000000000001,0.03
196,0.09,0.04566666666666667,0.3333333333333333,0.13333333333333333,0.004,0.03666666666666667
197,0.08800000000000001,0.052000000000000005,0.36666666666666653,0.14666666666666667,0.004,0.04
198,0.09,0.062333333333333324,0.39666666666666667,0.15333333333333332,0.008,0.05
199,0.12,0.06766666666666668,0.4066666666666667,0.16,0.018000000000000002,0.07666666666666666
200,0.13,0.07466666666666667,0.4133333333333333,0.15333333333333332,0.036000000000000004,0.10333333333333332
201,0.121,0.08133333333333333,0.38333333333333336,0.13333333333333333,0.062,0.08666666666666667
202,0.055999999999999994,0.04766666666666667,0.13666666666666666,0.04,0.17600000000000002,0.03666666666666667
203,0.013000000000000001,0.04933333333333333,0.043333333333333335,0.02,0.20800000000000002,0.016666666666666666
204,0.013000000000000001,0.029333333333333333,0.04,0.02,0.21,0.013333333333333334
205,0.015,0.043,0.03666666666666667,0.013333333333333334,0.20800000000000002,0.013333333333333334
206,0.013999999999999999,0.03833333333333333,0.03,0.013333333333333334,0.20800000000000002,0.006666666666666667
207,0.006,0.017333333333333333,0.03333333333333333,0.013333333333333334,0.20600000000000002,0.01
208,0.021,0.013666666666666669,0.03666666666666667,0.013333333333333334,0.21,0.01
209,0.006999999999999999,0.010666666666666666,0.06,0.02,0.192,0.01
210,0.01,0.012666666666666666,0.06666666666666668,0.02,0.18600000000000003,0.013333333333333334
211,0.009000000000000001,0.011000000000000001,0.07666666666666666,0.02,0.17600000000000002,0.01
212,0.009000000000000001,0.007333333333333333,0.06,0.02,0.188,0.006666666666666667
213,0.003,0.006333333333333333,0.06,0.02,0.188,0.006666666666666667
214,0.006999999999999999,0.006,0.06666666666666668,0.02,0.18,0.006666666666666667
215,0.009000000000000001,0.009666666666666669,0.16,0.02,0.11599999999999999,0.013333333333333334
216,0.003,0.015,0.3466666666666667,0.03333333333333333,0.004,0.02
217,0.011000000000000001,0.010333333333333332,0.3333333333333333,0.03333333333333333,0.01,0.016666666666666666
218,0.004,0.005666666666666667,0.25,0.03333333333333333,0.06,0.013333333333333334
219,0.006999999999999999,0.013999999999999999,0.26,0.02666666666666667,0.042,0.013333333333333334
220,0.024,0.015,0.3133333333333333,0.04,0.004,0.013333333333333334
221,0.02,0.021,0.30666666666666664,0.05333333333333334,0.004,0.006666666666666667
222,0.024,0.045,0.3633333333333333,0.08,0.004,0.016666666666666666
223,0.024,0.0315,0.29999999999999993,0.05666666666666667,0.043,0.018333333333333333
224,0.024,0.018000000000000002,0.23666666666666664,0.03333333333333333,0.08199999999999999,0.02
225,0.018000000000000002,0.01533333333333333,0.17,0.02666666666666667,0.126,0.013333333333333334
226,0.026000000000000002,0.013666666666666669,0.14,0.02666666666666667,0.16,0.016666666666666666
227,0.016,0.007666666666666665,0.07666666666666666,0.02,0.20800000000000002,0.013333333333333334
228,0.017,0.010333333333333332,0.09,0.02666666666666667,0.214,0.02333333333333333
229,0.012,0.015555555555555553,0.061666666666666675,0.02666666666666667,0.2,0.006666666666666667
230,0.004,0.0023333333333333327,0.06666666666666668,0.02,0.228,0.03666666666666667
231,0.054000000000000006,0.03233333333333333,0.08333333333333333,0.02666666666666667,0.256,0.06
232,0.052000000000000005,0.027000000000000003,0.10333333333333332,0.03333333333333333,0.262,0.06
233,0.034,0.03066666666666666,0.10666666666666667,0.02666666666666667,0.248,0.06333333333333334
234,0.026000000000000002,0.034,0.15666666666666668,0.02666666666666667,0.20600000000000002,0.06
235,0.035,0.035,0.19,0.03333333333333333,0.166,0.05666666666666665
236,0.040999999999999995,0.035,0.25666666666666665,0.03333333333333333,0.11800000000000001,0.06
237,0.053,0.037333333333333336,0.30666666666666664,0.04,0.084,0.09
238,0.06,0.034666666666666665,0.2966666666666667,0.04,0.076,0.10333333333333332
239,0.055,0.037000000000000005,0.4,0.04666666666666666,0.016,0.07666666666666666
240,0.048,0.03233333333333333,0.36666666666666653,0.05333333333333334,0.004,0.05
241,0.052000000000000005,0.03,0.36666666666666653,0.06000000000000001,0.004,0.03333333333333333
242,0.038,0.03333333333333333,0.39666666666666667,0.04666666666666666,0.004,0.03666666666666667
243,0.025,0.021333333333333333,0.38,0.03333333333333333,0.005,0.02666666666666667
244,0.011000000000000001,0.011333333333333334,0.31666666666666665,0.02666666666666667,0.018000000000000002,0.03
245,0.01,0.019,0.34,0.03333333333333333,0.012,0.03
246,0.040999999999999995,0.05433333333333333,0.3466666666666667,0.11333333333333333,0.03,0.07666666666666666
247,0.036000000000000004,0.050666666666666665,0.25,0.10666666666666667,0.08,0.06666666666666668
248,0.027000000000000003,0.04633333333333333,0.21333333333333332,0.08,0.106,0.05666666666666665
249,0.032,0.04733333333333333,0.18666666666666668,0.07333333333333332,0.124,0.05333333333333334
250,0.036000000000000004,0.04933333333333333,0.20666666666666667,0.08,0.132,0.07
251,0.039,0.048,0.18333333333333326,0.07333333333333332,0.158,0.07333333333333332
252,0.044000000000000004,0.046,0.15333333333333332,0.06666666666666668,0.188,0.06333333333333334
253,0.040999999999999995,0.044333333333333336,0.15333333333333332,0.07333333333333332,0.212,0.06
254,0.039,0.04166666666666666,0.15333333333333332,0.05333333333333334,0.214,0.05
255,0.031,0.04533333333333334,0.17,0.04666666666666666,0.20600000000000002,0.043333333333333335
256,0.047,0.03766666666666667,0.15666666666666668,0.04,0.22,0.03333333333333333
257,0.025,0.036000000000000004,0.20333333333333334,0.04,0.188,0.02666666666666667
258,0.017,0.036333333333333336,0.21666666666666667,0.04,0.166,0.016666666666666666
259,0.0175,0.03166666666666667,0.19666666666666666,0.03666666666666667,0.16,0.019999999999999997
260,0.018000000000000002,0.027000000000000003,0.17666666666666667,0.03333333333333333,0.154,0.02333333333333333
261,0.015,0.02466666666666667,0.18666666666666668,0.03333333333333333,0.142,0.02666666666666667
262,0.0175,0.020333333333333335,0.18333333333333335,0.03666666666666667,0.135,0.028333333333333335
263,0.02,0.016,0.18,0.04,0.128,0.03
264,0.017,0.01533333333333333,0.15333333333333332,0.04,0.128,0.03333333333333333
265,0.015,0.012,0.18666666666666668,0.05333333333333334,0.124,0.04
266,0.025,0.014666666666666666,0.21666666666666667,0.06666666666666668,0.1,0.06
267,0.03,0.025666666666666667,0.24,0.1,0.08,0.09
268,0.059000000000000004,0.02466666666666667,0.2766666666666667,0.12666666666666665,0.066,0.07333333333333332
269,0.036000000000000004,0.02733333333333333,0.2866666666666667,0.12666666666666665,0.057999999999999996,0.09333333333333334
270,0.046,0.03766666666666667,0.3933333333333333,0.15333333333333332,0.03,0.12666666666666668
271,0.052000000000000005,0.03966666666666667,0.39,0.15333333333333332,0.026000000000000002,0.09333333333333334
272,0.048,0.03066666666666666,0.39666666666666667,0.16,0.024,0.05
273,0.057999999999999996,0.03066666666666666,0.3933333333333333,0.16,0.03,0.04666666666666667
274,0.05,0.027666666666666662,0.3633333333333333,0.14666666666666667,0.038,0.05
275,0.054000000000000006,0.03,0.38333333333333336,0.16,0.03,0.03
276,0.06,0.02433333333333333,0.3633333333333333,0.17333333333333334,0.032,0.013333333333333334
277,0.06,0.021,0.38,0.14,0.03,0.016666666666666666
278,0.055999999999999994,0.02233333333333333,0.37,0.11333333333333333,0.026000000000000002,0.016666666666666666
279,0.055999999999999994,0.026866666666666664,0.3366666666666667,0.1,0.026000000000000002,0.02
280,0.046,0.014261904761904762,0.3333333333333333,0.08,0.027999999999999997,0.02
281,0.028999999999999998,0.0194,0.2433333333333333,0.05333333333333334,0.11199999999999999,0.013333333333333334
282,0.043,0.012061728395061724,0.21,0.05333333333333334,0.106,0.016666666666666666
283,0.047,0.01311111111111111,0.20666666666666667,0.04666666666666666,0.098,0.013333333333333334
284,0.039,0.00806060606060606,0.17,0.04,0.102,0.013333333333333334
285,0.034,0.015833333333333338,0.15,0.03333333333333333,0.106,0.016666666666666666
286,0.032,0.02,0.15666666666666668,0.03333333333333333,0.094,0.013333333333333334
287,0.032,0.02333333333333333,0.11666666666666667,0.03333333333333333,0.122,0.013333333333333334
288,0.036000000000000004,0.027222222222222224,0.1,0.02666666666666667,0.11800000000000001,0.01
289,0.039,0.06352941176470588,0.09666666666666666,0.02666666666666667,0.102,0.02666666666666667
290,0.038,0.12066666666666667,0.09333333333333334,0.02,0.11,0.02666666666666667
291,0.071,0.034333333333333334,0.11333333333333333,0.02666666666666667,0.042,0.02333333333333333
292,0.0955,0.05516666666666667,0.08333333333333333,0.023333333333333334,0.11000000000000001,0.02333333333333333
293,0.12,0.076,0.05333333333333334,0.02,0.17800000000000002,0.02333333333333333
294,0.055999999999999994,0.044333333333333336,0.09,0.02,0.152,0.02333333333333333
295,0.040999999999999995,0.032,0.08333333333333333,0.02,0.162,0.02666666666666667
296,0.026499999999999996,0.0195,0.06666666666666667,0.016666666666666666,0.185,0.025
297,0.012,0.006999999999999999,0.05,0.013333333333333334,0.20800000000000002,0.02333333333333333
298,0.013000000000000001,0.012,0.05,0.02,0.20800000000000002,0.02333333333333333
299,0.02,0.018000000000000002,0.043333333333333335,0.013333333333333334,0.218,0.02333333333333333
300,0.015,0.02,0.043333333333333335,0.013333333333333334,0.22399999999999998,0.02333333333333333
301,0.015,0.025333333333333333,0.04666666666666667,0.013333333333333334,0.226,0.02333333333333333
302,0.028999999999999998,0.035666666666666666,0.04,0.013333333333333334,0.22399999999999998,0.02666666666666667
303,0.035,0.050666666666666665,0.043333333333333335,0.013333333333333334,0.222,0.02666666666666667
304,0.059000000000000004,0.076,0.04666666666666667,0.02,0.218,0.02
305,0.073,0.096,0.05,0.02,0.214,0.02333333333333333
306,0.087,0.0995,0.060000000000000005,0.02,0.204,0.02333333333333333
307,0.10099999999999999,0.10300000000000001,0.07,0.02,0.19399999999999998,0.02333333333333333
308,0.106,0.11366666666666668,0.05666666666666665,0.02,0.2,0.016666666666666666
309,0.086,0.08633333333333333,0.06666666666666668,0.02,0.19,0.02333333333333333
310,0.084,0.07400000000000001,0.08333333333333333,0.02,0.174,0.016666666666666666
311,0.07400000000000001,0.062333333333333324,0.08,0.02,0.172,0.02
312,0.068,0.05466666666666667,0.13,0.02,0.14,0.02
313,0.062,0.049,0.19333333333333333,0.02,0.106,0.02
314,0.054000000000000006,0.03333333333333333,0.2733333333333333,0.02,0.054000000000000006,0.02333333333333333
315,0.038,0.03,0.23666666666666664,0.02666666666666667,0.07200000000000001,0.03
316,0.046,0.032,0.36,0.04,0.008,0.02333333333333333
317,0.051,0.03333333333333333,0.35,0.04666666666666666,0.004,0.02333333333333333
318,0.065,0.05,0.41,0.06000000000000001,0.004,0.02
319,0.064,0.03333333333333333,0.36,0.06000000000000001,0.03,0.03
320,0.038,0.021,0.22,0.03333333333333333,0.10800000000000001,0.013333333333333334
321,0.028999999999999998,0.012333333333333332,0.16333333333333333,0.02666666666666667,0.146,0.02666666666666667
322,0.022000000000000002,0.012666666666666666,0.12333333333333335,0.02666666666666667,0.17,0.02666666666666667
323,0.025,0.012666666666666666,0.14333333333333334,0.02666666666666667,0.168,0.02333333333333333
324,0.01,0.009000000000000001,0.09,0.02,0.20800000000000002,0.02666666666666667
325,0.019,0.013999999999999999,0.08666666666666667,0.02,0.244,0.02666666666666667
326,0.01,0.014333333333333332,0.07666666666666666,0.02,0.242,0.02333333333333333
327,0.036000000000000004,0.017,0.07333333333333332,0.02,0.244,0.03
328,0.028999999999999998,0.021666666666666667,0.08333333333333333,0.02,0.242,0.02666666666666667
329,0.027000000000000003,0.021,0.09333333333333334,0.02,0.23800000000000002,0.03333333333333333
330,0.031,0.02266666666666667,0.11333333333333333,0.02,0.23399999999999999,0.05
331,0.042,0.023666666666666662,0.13,0.02666666666666667,0.20600000000000002,0.06
332,0.039,0.022000000000000002,0.16,0.02666666666666667,0.182,0.05
333,0.044000000000000004,0.02466666666666667,0.18666666666666668,0.02666666666666667,0.162,0.06333333333333334
334,0.054000000000000006,0.029666666666666668,0.26666666666666666,0.03333333333333333,0.10800000000000001,0.07333333333333332
335,0.061,0.031,0.25666666666666665,0.03333333333333333,0.102,0.07333333333333332
336,0.066,0.03133333333333333,0.26666666666666666,0.03333333333333333,0.07400000000000001,0.06333333333333334
337,0.075,0.02866666666666667,0.2966666666666667,0.03333333333333333,0.048,0.04666666666666667
338,0.063,0.034,0.28,0.03333333333333333,0.057999999999999996,0.04666666666666667
339,0.08199999999999999,0.03166666666666667,0.38333333333333336,0.04,0.009000000000000001,0.03333333333333333
340,0.158,0.036333333333333336,0.4066666666666667,0.04666666666666666,0.004,0.03333333333333333
341,0.09699999999999999,0.036333333333333336,0.3933333333333333,0.04666666666666666,0.004,0.03
342,0.14,0.04866666666666666,0.44666666666666666,0.06666666666666668,0.004,0.03666666666666667
343,0.166,0.04716666666666667,0.4066666666666667,0.06000000000000001,0.013999999999999999,0.08
344,0.14700000000000002,0.04541666666666666,0.4166666666666667,0.06333333333333335,0.032,0.08833333333333333
345,0.128,0.04366666666666666,0.4266666666666667,0.06666666666666668,0.05,0.09666666666666666
346,0.132,0.04883333333333333,0.33166666666666667,0.07,0.134,0.12166666666666667
347,0.136,0.054000000000000006,0.23666666666666664,0.07333333333333332,0.218,0.14666666666666667
348,0.135,0.05,0.15666666666666668,0.06666666666666668,0.29,0.12333333333333335
349,0.124,0.05,0.18333333333333326,0.05333333333333334,0.304,0.09
350,0.0915,0.049,0.15,0.06666666666666668,0.354,0.09666666666666666
351,0.1005,0.059000000000000004,0.13333333333333333,0.05333333333333334,0.32,0.07833333333333334
352,0.106,0.061,0.16666666666666666,0.06000000000000001,0.368,0.09666666666666666
353,0.10933333333333332,0.06433333333333334,0.15,0.04666666666666666,0.364,0.07333333333333332
354,0.087,0.067,0.18666666666666668,0.04666666666666666,0.322,0.06
355,0.083,0.07566666666666666,0.19,0.04666666666666666,0.308,0.06
356,0.08199999999999999,0.08466666666666668,0.2933333333333333,0.05333333333333334,0.23199999999999998,0.05666666666666665
357,0.08199999999999999,0.08466666666666668,0.34,0.04666666666666666,0.184,0.05333333333333334
358,0.08,0.08033333333333334,0.32666666666666666,0.04666666666666666,0.17600000000000002,0.04666666666666667
359,0.07200000000000001,0.07666666666666666,0.29,0.04,0.17600000000000002,0.043333333333333335
360,0.08,0.077,0.2333333333333333,0.04,0.182,0.03666666666666667
361,0.063,0.07166666666666667,0.18,0.03333333333333333,0.2,0.03333333333333333
362,0.057,0.06866666666666668,0.19,0.03333333333333333,0.19,0.043333333333333335
363,0.054000000000000006,0.066,0.26666666666666666,0.03333333333333333,0.134,0.03666666666666667
364,0.055,0.065,0.27,0.04,0.12,0.03333333333333333
365,0.061,0.06666666666666668,0.33,0.04666666666666666,0.076,0.03666666666666667
366,0.068,0.07333333333333332,0.4166666666666667,0.05333333333333334,0.034,0.03333333333333333
367,0.071,0.068,0.3433333333333333,0.06000000000000001,0.07,0.03333333333333333
368,0.077,0.06666666666666668,0.2866666666666667,0.04666666666666666,0.10400000000000001,0.05333333333333334
369,0.07200000000000001,0.06466666666666666,0.2333333333333333,0.04666666666666666,0.152,0.07
370,0.08900000000000001,0.065,0.22333333333333333,0.05333333333333334,0.18,0.07666666666666666
371,0.096,0.06933333333333333,0.19333333333333333,0.05333333333333334,0.218,0.08666666666666667
372,0.114,0.07066666666666667,0.16666666666666666,0.05333333333333334,0.254,0.09333333333333334
373,0.11199999999999999,0.07333333333333332,0.17666666666666667,0.06666666666666668,0.294,0.09
374,0.13233333333333333,0.079,0.15666666666666668,0.05333333333333334,0.27399999999999997,0.08666666666666667
375,0.06,0.075,0.13333333333333333,0.05666666666666668,0.28,0.07166666666666667
376,0.122,0.07333333333333332,0.16666666666666666,0.06000000000000001,0.358,0.06333333333333334
377,0.115,0.07,0.2,0.07333333333333332,0.37200000000000005,0.09333333333333334
378,0.109,0.07,0.17666666666666667,0.08,0.37,0.1
379,0.109,0.07133333333333333,0.32999999999999996,0.08,0.257,0.08166666666666667
380,0.109,0.07266666666666667,0.4833333333333333,0.08,0.14400000000000002,0.06333333333333334
381,0.10300000000000001,0.073,0.5866666666666667,0.08,0.07400000000000001,0.05666666666666665
382,0.092,0.07333333333333332,0.5,0.06000000000000001,0.10400000000000001,0.06
383,0.079,0.07433333333333332,0.45,0.04666666666666666,0.09,0.05333333333333334
384,0.064,0.06433333333333334,0.3333333333333333,0.04,0.10800000000000001,0.05
385,0.0605,0.0605,0.31999999999999995,0.04,0.084,0.04
386,0.057,0.05666666666666665,0.30666666666666664,0.04,0.06,0.03
387,0.057,0.04833333333333333,0.31,0.04,0.0256,0.016666666666666666
388,0.057999999999999996,0.04633333333333333,0.36666666666666653,0.04,0.004,0.02
389,0.057999999999999996,0.06,0.4066666666666667,0.05333333333333334,0.004,0.02333333333333333
390,0.062,0.067,0.37666666666666665,0.05333333333333334,0.032,0.02
391,0.069,0.07,0.33,0.06000000000000001,0.064,0.03
392,0.077,0.067,0.2733333333333333,0.05333333333333334,0.098,0.043333333333333335
393,0.081,0.069,0.25666666666666665,0.05333333333333334,0.126,0.05666666666666665
394,0.087,0.07333333333333332,0.20333333333333334,0.05333333333333334,0.17,0.07
395,0.09300000000000001,0.075,0.15666666666666668,0.04666666666666666,0.228,0.07666666666666666
396,0.098,0.075,0.15666666666666668,0.05333333333333334,0.272,0.08
397,0.10650000000000001,0.0765,0.15666666666666668,0.05666666666666667,0.315,0.08499999999999999
398,0.115,0.078,0.15666666666666668,0.06000000000000001,0.358,0.09
399,0.131,0.07933333333333334,0.18333333333333326,0.06666666666666668,0.386,0.09
400,0.13,0.07866666666666666,0.17,0.06666666666666668,0.42,0.08666666666666667
401,0.131,0.07866666666666666,0.16666666666666666,0.07333333333333332,0.43,0.08333333333333333
402,0.129,0.07766666666666666,0.21333333333333332,0.07333333333333332,0.38799999999999996,0.07
403,0.132,0.079,0.26,0.08666666666666667,0.34600000000000003,0.05666666666666665
404,0.145,0.08766666666666667,0.4833333333333333,0.10666666666666667,0.15,0.043333333333333335
405,0.147,0.08,0.5766666666666667,0.11333333333333333,0.02,0.03666666666666667
406,0.156,0.08933333333333332,0.68,0.15333333333333332,0.004,0.03
407,0.156,0.07666666666666666,0.6033333333333334,0.16,0.004,0.013333333333333334
408,0.154,0.07400000000000001,0.6033333333333334,0.15333333333333332,0.004,0.02666666666666667
409,0.172,0.07966666666666666,0.5866666666666667,0.11333333333333333,0.006,0.02666666666666667
410,0.158,0.07533333333333334,0.51,0.09333333333333332,0.034,0.02333333333333333
411,0.147,0.07033333333333333,0.37,0.07333333333333332,0.078,0.02666666666666667
412,0.147,0.06633333333333333,0.38666666666666666,0.07333333333333332,0.07,0.02333333333333333
413,0.146,0.06666666666666668,0.3466666666666667,0.07333333333333332,0.106,0.02666666666666667
414,0.134,0.06833333333333333,0.4266666666666667,0.09333333333333332,0.078,0.02666666666666667
415,0.14300000000000002,0.07400000000000001,0.41,0.09333333333333332,0.098,0.03
416,0.159,0.084,0.4766666666666667,0.1,0.09,0.05666666666666665
417,0.16399999999999998,0.09433333333333334,0.5033333333333333,0.10666666666666667,0.08800000000000001,0.06
418,0.153,0.08533333333333333,0.44,0.09333333333333332,0.14400000000000002,0.06333333333333334
419,0.13,0.06866666666666668,0.2633333333333333,0.08,0.248,0.06666666666666668
420,0.11599999999999999,0.057666666666666665,0.20333333333333334,0.06666666666666668,0.3,0.05666666666666665
421,0.11,0.05416666666666667,0.1933333333333333,0.06666666666666668,0.352,0.05333333333333333
422,0.10400000000000001,0.050666666666666665,0.18333333333333326,0.06666666666666668,0.40399999999999997,0.05
423,0.095,0.03766666666666667,0.17666666666666667,0.06666666666666668,0.46799999999999997,0.05666666666666665
424,0.083,0.04866666666666666,0.2333333333333333,0.07333333333333332,0.502,0.07
425,0.077,0.04833333333333333,0.21666666666666667,0.06666666666666668,0.488,0.07
426,0.076,0.049666666666666665,0.23,0.07333333333333332,0.456,0.07666666666666666
427,0.065,0.042666666666666665,0.22666666666666666,0.06000000000000001,0.396,0.06
428,0.063,0.045,0.20333333333333334,0.06666666666666668,0.364,0.06333333333333334
429,0.068,0.04533333333333334,0.19333333333333333,0.06000000000000001,0.35200000000000004,0.05333333333333334
430,0.079,0.042,0.16333333333333333,0.06000000000000001,0.344,0.04
431,0.089,0.043444444444444445,0.15888888888888889,0.062222222222222234,0.31,0.03666666666666667
432,0.099,0.04488888888888889,0.15444444444444444,0.06444444444444446,0.27599999999999997,0.03333333333333333
433,0.109,0.04633333333333333,0.15,0.06666666666666668,0.242,0.03
434,0.133,0.04733333333333333,0.17666666666666667,0.09333333333333332,0.19,0.02333333333333333
435,0.14,0.056888888888888885,0.13,0.11333333333333333,0.107,0.02666666666666667
436,0.141,0.04933333333333333,0.2466666666666667,0.12666666666666665,0.11,0.02
437,0.17300000000000001,0.0641111111111111,0.3133333333333333,0.17333333333333334,0.068,0.02666666666666667
438,0.168,0.055999999999999994,0.3433333333333333,0.19333333333333333,0.078,0.03666666666666667
439,0.152,0.05833333333333333,0.3533333333333333,0.19333333333333333,0.098,0.07
440,0.161,0.06266666666666666,0.37333333333333335,0.19333333333333333,0.11599999999999999,0.11666666666666667
441,0.168,0.064,0.38,0.19333333333333333,0.156,0.12666666666666668
442,0.161,0.06266666666666666,0.32666666666666666,0.17333333333333334,0.23800000000000002,0.14
443,0.151,0.06,0.29,0.14666666666666667,0.308,0.11
444,0.14300000000000002,0.05366666666666667,0.23,0.11333333333333333,0.386,0.09666666666666666
445,0.10400000000000001,0.040999999999999995,0.19,0.06666666666666668,0.46,0.07
446,0.083,0.03266666666666666,0.18,0.05333333333333334,0.498,0.06
447,0.063,0.02666666666666667,0.14333333333333334,0.04666666666666666,0.504,0.05333333333333334
448,0.062,0.035,0.16,0.05333333333333334,0.522,0.06
449,0.063,0.04,0.18333333333333326,0.05333333333333334,0.498,0.05333333333333334
450,0.068,0.04233333333333333,0.25666666666666665,0.05333333333333334,0.42,0.043333333333333335
451,0.098,0.03833333333333333,0.4233333333333333,0.09333333333333332,0.396,0.06
452,0.095,0.03966666666666667,0.39,0.09333333333333332,0.32,0.06666666666666668
453,0.09699999999999999,0.057333333333333326,0.44333333333333336,0.1,0.22,0.05
454,0.102,0.060333333333333336,0.5,0.1,0.15,0.05
455,0.12300000000000001,0.055999999999999994,0.4233333333333333,0.09333333333333332,0.16,0.03666666666666667
456,0.128,0.052333333333333336,0.3466666666666667,0.08666666666666667,0.17600000000000002,0.04
457,0.12300000000000001,0.050666666666666665,0.31666666666666665,0.08666666666666667,0.168,0.03333333333333333
458,0.11800000000000001,0.06466666666666666,0.3366666666666667,0.09333333333333332,0.10800000000000001,0.02666666666666667
459,0.122,0.046,0.37333333333333335,0.09333333333333332,0.07200000000000001,0.02333333333333333
460,0.133,0.056777777777777774,0.26666666666666666,0.09333333333333332,0.14400000000000002,0.02333333333333333
461,0.1355,0.05148888888888889,0.2683333333333333,0.09666666666666666,0.11400000000000002,0.021666666666666667
462,0.138,0.0462,0.27,0.1,0.084,0.02
463,0.138,0.03748148148148149,0.26,0.13333333333333333,0.076,0.016666666666666666
464,0.12,0.02844444444444444,0.24,0.14,0.086,0.016666666666666666
465,0.113,0.02824561403508772,0.2633333333333333,0.14,0.09,0.016666666666666666
466,0.105,0.032543859649122805,0.2683333333333333,0.15333333333333332,0.08399999999999999,0.016666666666666666
467,0.09699999999999999,0.0368421052631579,0.2733333333333333,0.16666666666666666,0.078,0.016666666666666666
468,0.081,0.030390070921985812,0.22666666666666666,0.14,0.114,0.016666666666666666
469,0.057999999999999996,0.023026004728132383,0.17666666666666667,0.11333333333333333,0.134,0.01
470,0.034,0.015661938534278958,0.16333333333333333,0.09333333333333332,0.142,0.01
471,0.021,0.008297872340425535,0.12166666666666667,0.07333333333333332,0.12,0.013333333333333334
472,0.012,0.005784313725490196,0.13,0.04,0.098,0.013333333333333334
473,0.003,0.0033137254901960786,0.14666666666666667,0.03333333333333333,0.092,0.01
474,0.006,0.004098039215686275,0.12833333333333333,0.03333333333333333,0.107,0.008333333333333333
475,0.009000000000000001,0.004882352941176471,0.11,0.03333333333333333,0.122,0.006666666666666667
476,0.004,0.004777777777777778,0.08333333333333333,0.03333333333333333,0.138,0.006666666666666667
477,0.009000000000000001,0.005,0.09333333333333334,0.02666666666666667,0.13,0.006666666666666667
478,0.004,0.0030666666666666663,0.10666666666666667,0.02666666666666667,0.124,0.006666666666666667
479,0.006,0.002444444444444444,0.06666666666666668,0.02,0.152,0.006666666666666667
480,0.003,0.00225,0.03666666666666667,0.02,0.16,0.01
481,0.003,0.0023333333333333327,0.043333333333333335,0.013333333333333334,0.14,0.006666666666666667
482,0.006999999999999999,0.002,0.04,0.02,0.14,0.013333333333333334
483,0.003,0.004450980392156864,0.03,0.02,0.132,0.006666666666666667
484,0.003,0.0023333333333333327,0.07666666666666666,0.02,0.14800000000000002,0.01
485,0.009000000000000001,0.0058333333333333345,0.07333333333333332,0.02,0.166,0.01
486,0.011000000000000001,0.005592592592592593,0.13,0.02,0.14400000000000002,0.006666666666666667
487,0.015,0.007095238095238095,0.16333333333333333,0.02666666666666667,0.13,0.01
488,0.011,0.012547619047619049,0.17833333333333334,0.02666666666666667,0.123,0.013333333333333332
489,0.006999999999999999,0.018000000000000002,0.19333333333333333,0.02666666666666667,0.11599999999999999,0.016666666666666666
490,0.013000000000000001,0.011333333333333334,0.2433333333333333,0.03333333333333333,0.08800000000000001,0.013333333333333334
491,0.016,0.0114,0.20333333333333334,0.03333333333333333,0.11800000000000001,0.013333333333333334
492,0.006999999999999999,0.007666666666666665,0.14,0.02666666666666667,0.17,0.013333333333333334
493,0.011000000000000001,0.06333333333333334,0.15333333333333332,0.02666666666666667,0.166,0.013333333333333334
494,0.012,0.011000000000000001,0.11333333333333333,0.02666666666666667,0.174,0.016666666666666666
495,0.006,0.008,0.12666666666666668,0.02666666666666667,0.156,0.013333333333333334
496,0.01,0.005,0.17666666666666667,0.02666666666666667,0.14800000000000002,0.016666666666666666
497,0.012,0.018000000000000002,0.2333333333333333,0.03333333333333333,0.11,0.016666666666666666
498,0.01,0.013333333333333334,0.22,0.03333333333333333,0.114,0.013333333333333334
499,0.015,0.007666666666666665,0.19,0.03333333333333333,0.13,0.016666666666666666
500,0.017,0.01633333333333333,0.2333333333333333,0.03333333333333333,0.102,0.013333333333333334
501,0.013999999999999999,0.01533333333333333,0.18,0.02666666666666667,0.114,0.006666666666666667
502,0.011000000000000001,0.010666666666666666,0.22666666666666666,0.03333333333333333,0.064,0.006666666666666667
503,0.013999999999999999,0.006666666666666667,0.31,0.03333333333333333,0.027999999999999997,0.01
504,0.013999999999999999,0.00488888888888889,0.19666666666666666,0.02666666666666667,0.08800000000000001,0.01
505,0.012,0.007333333333333333,0.16666666666666666,0.02666666666666667,0.11199999999999999,0.006666666666666667
506,0.011000000000000001,0.007185185185185186,0.12333333333333335,0.02666666666666667,0.154,0.01
507,0.0125,0.0052592592592592595,0.11500000000000002,0.02666666666666667,0.16799999999999998,0.01
508,0.013999999999999999,0.0033333333333333327,0.10666666666666667,0.02666666666666667,0.182,0.01
509,0.014333333333333332,0.004999999999999999,0.17222222222222222,0.031111111111111114,0.14866666666666667,0.012222222222222223
510,0.014666666666666666,0.006666666666666666,0.23777777777777775,0.035555555555555556,0.11533333333333333,0.014444444444444444
511,0.015,0.008333333333333333,0.3033333333333333,0.04,0.08199999999999999,0.016666666666666666
512,0.022000000000000002,0.008666666666666666,0.31,0.04,0.076,0.013333333333333334
513,0.017,0.013999999999999999,0.26,0.04,0.102,0.013333333333333334
514,0.013999999999999999,0.005333333333333333,0.21,0.03333333333333333,0.14400000000000002,0.01
515,0.015,0.008666666666666666,0.17333333333333334,0.03333333333333333,0.172,0.013333333333333334
516,0.015,0.009666666666666669,0.13333333333333333,0.02666666666666667,0.19399999999999998,0.006666666666666667
517,0.01,0.005666666666666667,0.13666666666666666,0.02666666666666667,0.21,0.016666666666666666
518,0.013999999999999999,0.010333333333333332,0.16,0.03333333333333333,0.218,0.016666666666666666
519,0.018000000000000002,0.012,0.15666666666666668,0.03333333333333333,0.226,0.013333333333333334
520,0.015,0.010666666666666666,0.15666666666666668,0.03333333333333333,0.226,0.013333333333333334
521,0.015,0.01533333333333333,0.19,0.03333333333333333,0.204,0.02
522,0.018000000000000002,0.013666666666666669,0.2466666666666667,0.03333333333333333,0.158,0.02
523,0.017,0.03033333333333333,0.32,0.03333333333333333,0.11599999999999999,0.016666666666666666
524,0.026000000000000002,0.02433333333333333,0.4033333333333333,0.04,0.07400000000000001,0.016666666666666666
525,0.025,0.02066666666666667,0.39,0.04,0.07200000000000001,0.01
526,0.027000000000000003,0.03,0.5033333333333333,0.04666666666666666,0.018000000000000002,0.013333333333333334
527,0.03,0.029666666666666668,0.5366666666666666,0.06000000000000001,0.004,0.013333333333333334
528,0.037000000000000005,0.027000000000000003,0.51,0.07333333333333332,0.004,0.013333333333333334
529,0.036000000000000004,0.021333333333333333,0.4166666666666667,0.08,0.004,0.02333333333333333
530,0.032,0.016,0.4066666666666667,0.07333333333333332,0.004,0.016666666666666666
531,0.035,0.017,0.4233333333333333,0.06666666666666668,0.004,0.02333333333333333
532,0.03,0.01633333333333333,0.5,0.06000000000000001,0.004,0.02333333333333333
533,0.02,0.006999999999999999,0.45,0.04,0.004,0.02
534,0.026000000000000002,0.011000000000000001,0.4633333333333333,0.05333333333333334,0.006,0.016666666666666666
535,0.026000000000000002,0.015666666666666666,0.39666666666666667,0.04666666666666666,0.036000000000000004,0.02666666666666667
536,0.02,0.011666666666666669,0.32,0.04,0.078,0.03333333333333333
537,0.022000000000000002,0.012,0.145,0.04,0.11800000000000001,0.02666666666666667
538,0.022000000000000002,0.013666666666666669,0.18666666666666668,0.02666666666666667,0.168,0.03
539,0.01,0.011666666666666669,0.12666666666666668,0.02666666666666667,0.22399999999999998,0.02666666666666667
540,0.021,0.004,0.12666666666666668,0.02,0.23600000000000002,0.02666666666666667
541,0.006,0.01,0.11333333333333333,0.02,0.252,0.02666666666666667
542,0.011000000000000001,0.008333333333333333,0.12333333333333335,0.02,0.264,0.02666666666666667
543,0.017,0.006,0.10333333333333332,0.02,0.278,0.02333333333333333
544,0.014333333333333335,0.009666666666666667,0.1322222222222222,0.022222222222222223,0.26666666666666666,0.024444444444444442
545,0.011666666666666669,0.013333333333333334,0.1611111111111111,0.024444444444444446,0.25533333333333336,0.025555555555555557
546,0.009000000000000001,0.017,0.19,0.02666666666666667,0.244,0.02666666666666667
547,0.02,0.021666666666666667,0.2,0.02666666666666667,0.23199999999999998,0.02666666666666667
548,0.022000000000000002,0.02233333333333333,0.2533333333333333,0.02666666666666667,0.184,0.02333333333333333
549,0.024,0.02033333333333333,0.28,0.03333333333333333,0.16,0.02333333333333333
550,0.024,0.023666666666666662,0.29,0.02666666666666667,0.162,0.02666666666666667
551,0.03,0.021,0.2833333333333333,0.02666666666666667,0.162,0.03
552,0.025,0.02866666666666667,0.4666666666666667,0.03333333333333333,0.06,0.02
553,0.04,0.036000000000000004,0.61,0.05333333333333334,0.004,0.02666666666666667
554,0.043,0.027666666666666662,0.5666666666666667,0.05333333333333334,0.004,0.02666666666666667
555,0.027999999999999997,0.018000000000000002,0.4733333333333333,0.04,0.004,0.02666666666666667
556,0.032,0.02033333333333333,0.49,0.05333333333333334,0.004,0.02666666666666667
557,0.039,0.03033333333333333,0.4866666666666667,0.06666666666666668,0.004,0.03
558,0.037000000000000005,0.03833333333333333,0.4733333333333333,0.07333333333333332,0.004,0.02666666666666667
559,0.04,0.02733333333333333,0.4133333333333333,0.05333333333333334,0.03,0.02
560,0.024,0.016666666666666666,0.3466666666666667,0.04666666666666666,0.08,0.03
561,0.040999999999999995,0.01833333333333333,0.3366666666666667,0.04666666666666666,0.102,0.03666666666666667
562,0.035,0.009833333333333331,0.31666666666666665,0.04,0.14800000000000002,0.03333333333333333
563,0.029666666666666668,0.006666666666666667,0.24,0.03333333333333333,0.19,0.02666666666666667
564,0.027000000000000003,0.004,0.11333333333333333,0.02,0.282,0.02333333333333333
565,0.025666666666666664,0.013999999999999999,0.13333333333333333,0.02666666666666667,0.308,0.03
566,0.032,0.014916666666666668,0.11,0.02666666666666667,0.314,0.03
567,0.025500000000000002,0.014125000000000002,0.11666666666666667,0.023333333333333334,0.327,0.03333333333333333
568,0.019,0.013333333333333334,0.12333333333333335,0.02,0.34,0.03666666666666667
569,0.021,0.019,0.13,0.02666666666666667,0.33799999999999997,0.03
570,0.032,0.02633333333333333,0.14333333333333334,0.02666666666666667,0.35,0.04666666666666667
571,0.040999999999999995,0.02466666666666667,0.18,0.03333333333333333,0.318,0.043333333333333335
572,0.046,0.03166666666666667,0.2,0.04,0.29600000000000004,0.043333333333333335
573,0.066,0.04933333333333333,0.21666666666666667,0.05333333333333334,0.268,0.04666666666666667
574,0.081,0.04366666666666666,0.21666666666666667,0.06666666666666668,0.23,0.043333333333333335
575,0.09699999999999999,0.043333333333333335,0.22333333333333333,0.07333333333333332,0.196,0.04666666666666667
576,0.106,0.04733333333333333,0.31666666666666665,0.07333333333333332,0.114,0.04666666666666667
577,0.11800000000000001,0.044333333333333336,0.33,0.07333333333333332,0.068,0.03333333333333333
578,0.11800000000000001,0.03966666666666667,0.3033333333333333,0.06666666666666668,0.078,0.03333333333333333
579,0.11800000000000001,0.04886666666666666,0.38666666666666666,0.07333333333333332,0.006999999999999999,0.03
580,0.11599999999999999,0.03966666666666667,0.4633333333333333,0.08,0.004,0.02666666666666667
581,0.11199999999999999,0.043333333333333335,0.4266666666666667,0.08666666666666667,0.004,0.02333333333333333
582,0.126,0.049666666666666665,0.4633333333333333,0.09333333333333332,0.004,0.03
583,0.111,0.042,0.5233333333333333,0.08666666666666667,0.018000000000000002,0.03666666666666667
584,0.121,0.060333333333333336,0.4866666666666667,0.08666666666666667,0.052000000000000005,0.04666666666666667
585,0.155,0.0495,0.37333333333333335,0.08666666666666667,0.14,0.07333333333333332
586,0.15,0.060555555555555536,0.37,0.08,0.19399999999999998,0.09
587,0.109,0.049222222222222216,0.2433333333333333,0.06666666666666668,0.29,0.08333333333333333
588,0.10800000000000001,0.04576190476190476,0.22,0.06666666666666668,0.342,0.07
589,0.068,0.02183333333333333,0.21,0.06000000000000001,0.354,0.06
590,0.052000000000000005,0.028999999999999998,0.19333333333333333,0.04666666666666666,0.34600000000000003,0.043333333333333335
591,0.061,0.037333333333333336,0.2466666666666667,0.05333333333333334,0.36200000000000004,0.05333333333333334
592,0.091,0.034,0.2866666666666667,0.05333333333333334,0.354,0.05
593,0.084,0.03666666666666667,0.25666666666666665,0.04666666666666666,0.38,0.05
594,0.098,0.06333333333333334,0.26,0.06000000000000001,0.4,0.05
595,0.11199999999999999,0.055,0.4866666666666667,0.07333333333333332,0.23399999999999999,0.043333333333333335
596,0.121,0.069,0.7533333333333333,0.1,0.024,0.03666666666666667
597,0.1235,0.06283333333333332,0.7533333333333333,0.11333333333333333,0.014,0.03
598,0.126,0.05666666666666665,0.7533333333333333,0.12666666666666665,0.004,0.02333333333333333
599,0.107,0.048,0.7,0.10666666666666667,0.01,0.02333333333333333
600,0.08199999999999999,0.055,0.37333333333333335,0.06000000000000001,0.14800000000000002,0.03
601,0.069,0.04566666666666667,0.32666666666666666,0.06000000000000001,0.11599999999999999,0.02666666666666667
602,0.064,0.042,0.4733333333333333,0.06000000000000001,0.027999999999999997,0.02
603,0.052000000000000005,0.04133333333333333,0.43333333333333335,0.06000000000000001,0.024,0.02
604,0.054000000000000006,0.048,0.45,0.06000000000000001,0.004,0.016666666666666666
605,0.057999999999999996,0.05833333333333333,0.47,0.08,0.004,0.02
606,0.066,0.05666666666666665,0.5433333333333333,0.09333333333333332,0.008,0.016666666666666666
607,0.045,0.068,0.39,0.05333333333333334,0.07400000000000001,0.03333333333333333
608,0.033,0.08333333333333333,0.24,0.04666666666666666,0.15,0.04
609,0.032,0.08216666666666667,0.19833333333333333,0.04666666666666666,0.198,0.04
610,0.031,0.081,0.15666666666666668,0.04666666666666666,0.24600000000000002,0.04
611,0.036000000000000004,0.06733333333333333,0.14666666666666667,0.04666666666666666,0.27399999999999997,0.03333333333333333
612,0.034,0.055999999999999994,0.13,0.04,0.28600000000000003,0.03
613,0.022000000000000002,0.053,0.11,0.02666666666666667,0.3,0.02666666666666667
614,0.022000000000000002,0.05433333333333333,0.11,0.02666666666666667,0.31,0.02
615,0.025,0.051333333333333335,0.11,0.02666666666666667,0.322,0.02
616,0.016,0.056333333333333326,0.11,0.02666666666666667,0.33799999999999997,0.02666666666666667
617,0.026000000000000002,0.05366666666666667,0.13666666666666666,0.02666666666666667,0.326,0.05
618,0.031,0.05966666666666666,0.16333333333333333,0.03333333333333333,0.304,0.043333333333333335
619,0.032,0.059333333333333335,0.18333333333333326,0.03333333333333333,0.29,0.03666666666666667
620,0.028999999999999998,0.052333333333333336,0.16666666666666666,0.03333333333333333,0.284,0.043333333333333335
621,0.034,0.052000000000000005,0.2,0.03333333333333333,0.242,0.04666666666666667
622,0.033,0.04833333333333333,0.21333333333333332,0.03333333333333333,0.212,0.04
623,0.036000000000000004,0.046,0.24,0.03333333333333333,0.184,0.04
624,0.042,0.043,0.26,0.03333333333333333,0.15,0.03333333333333333
625,0.038,0.042666666666666665,0.39,0.04,0.052000000000000005,0.03
626,0.040999999999999995,0.04166666666666666,0.4066666666666667,0.04,0.046,0.03333333333333333
627,0.042,0.04166666666666666,0.42,0.04666666666666666,0.022000000000000002,0.02666666666666667
628,0.038,0.04166666666666666,0.4633333333333333,0.04666666666666666,0.004,0.03
629,0.045,0.054000000000000006,0.4966666666666666,0.06000000000000001,0.004,0.02333333333333333
630,0.052000000000000005,0.058666666666666666,0.5333333333333333,0.06666666666666668,0.004,0.02333333333333333
631,0.048,0.06333333333333334,0.56,0.06666666666666668,0.013999999999999999,0.03
632,0.051,0.054000000000000006,0.5466666666666666,0.06000000000000001,0.04,0.03666666666666667
633,0.06,0.05466666666666667,0.44333333333333336,0.05333333333333334,0.11,0.06
634,0.079,0.091,0.37333333333333335,0.06000000000000001,0.192,0.06333333333333334
635,0.107,0.06933333333333333,0.3633333333333333,0.07333333333333332,0.26,0.06666666666666668
636,0.121,0.07233333333333333,0.3516666666666667,0.07999999999999999,0.275,0.06833333333333334
637,0.135,0.07533333333333334,0.34,0.08666666666666667,0.29,0.07
638,0.14,0.07266666666666667,0.31666666666666665,0.09333333333333332,0.46,0.08333333333333333
639,0.133,0.060666666666666674,0.22333333333333333,0.09333333333333332,0.546,0.07333333333333332
640,0.124,0.055,0.22,0.08666666666666667,0.562,0.06666666666666668
641,0.11800000000000001,0.058666666666666666,0.19666666666666666,0.08666666666666667,0.546,0.08333333333333333
642,0.126,0.073,0.24,0.08,0.506,0.06333333333333334
643,0.139,0.06766666666666668,0.2466666666666667,0.08,0.46799999999999997,0.04
644,0.17300000000000001,0.081,0.2733333333333333,0.08666666666666667,0.452,0.05333333333333334
645,0.201,0.08533333333333333,0.3033333333333333,0.1,0.41200000000000003,0.05666666666666665
646,0.21,0.08933333333333332,0.38,0.10666666666666667,0.35600000000000004,0.05
647,0.218,0.08633333333333333,0.3933333333333333,0.11333333333333333,0.278,0.05
648,0.231,0.08633333333333333,0.61,0.11333333333333333,0.128,0.04
649,0.225,0.09333333333333334,0.83,0.11333333333333333,0.013999999999999999,0.03333333333333333
650,0.22,0.08688888888888889,0.7733333333333333,0.10666666666666667,0.004,0.03333333333333333
651,0.215,0.0958888888888889,0.74,0.1,0.004,0.03333333333333333
652,0.126,0.091,0.4566666666666666,0.07333333333333332,0.07,0.013333333333333334
653,0.066,0.037000000000000005,0.44,0.06666666666666668,0.027999999999999997,0.04
654,0.075,0.042666666666666665,0.4733333333333333,0.07333333333333332,0.004,0.03666666666666667
655,0.08,0.050166666666666665,0.46833333333333327,0.07333333333333332,0.037000000000000005,0.05333333333333334
656,0.085,0.057666666666666665,0.4633333333333333,0.07333333333333332,0.07,0.07
657,0.109,0.05666666666666665,0.4166666666666667,0.08666666666666667,0.11800000000000001,0.08
658,0.12300000000000001,0.059000000000000004,0.4666666666666667,0.1,0.12,0.06333333333333334
659,0.12,0.04766666666666667,0.38,0.07333333333333332,0.19399999999999998,0.08333333333333333
660,0.11,0.057333333333333326,0.3233333333333333,0.06666666666666668,0.26,0.1
661,0.09,0.04366666666666666,0.32666666666666666,0.06666666666666668,0.244,0.09666666666666666
662,0.092,0.058666666666666666,0.25,0.06666666666666668,0.32799999999999996,0.11333333333333333
663,0.115,0.059333333333333335,0.3033333333333333,0.07333333333333332,0.326,0.10666666666666667
664,0.11800000000000001,0.07066666666666667,0.3033333333333333,0.08,0.37200000000000005,0.10333333333333332
665,0.11699999999999999,0.05833333333333333,0.22333333333333333,0.08666666666666667,0.414,0.08
666,0.132,0.069,0.36,0.1,0.314,0.05666666666666665
667,0.141,0.061,0.5833333333333334,0.12,0.134,0.04666666666666667
668,0.11599999999999999,0.04133333333333333,0.3233333333333333,0.08666666666666667,0.29,0.05666666666666665
669,0.109,0.044000000000000004,0.28,0.08,0.316,0.06333333333333334
670,0.071,0.05533333333333333,0.19,0.05333333333333334,0.28,0.06
671,0.056666666666666664,0.04855555555555555,0.16777777777777778,0.042222222222222223,0.2386666666666667,0.05222222222222222
672,0.042333333333333334,0.04177777777777778,0.14555555555555558,0.03111111111111111,0.19733333333333336,0.044444444444444446
673,0.027999999999999997,0.035,0.12333333333333335,0.02,0.156,0.03666666666666667
674,0.025,0.017333333333333333,0.18,0.02666666666666667,0.11199999999999999,0.02666666666666667
675,0.016,0.010666666666666666,0.12333333333333335,0.02666666666666667,0.099,0.02666666666666667
676,0.012,0.011666666666666669,0.15666666666666668,0.03333333333333333,0.12,0.02333333333333333
677,0.015,0.02266666666666667,0.23,0.04,0.092,0.016666666666666666
678,0.015,0.023666666666666662,0.21333333333333332,0.04666666666666666,0.11599999999999999,0.02
679,0.019,0.034,0.19,0.07333333333333332,0.138,0.03333333333333333
680,0.038,0.02666666666666667,0.19666666666666666,0.12,0.132,0.05666666666666665
681,0.034,0.025333333333333333,0.17333333333333334,0.10666666666666667,0.154,0.08666666666666667
682,0.032,0.021666666666666667,0.12333333333333335,0.08666666666666667,0.192,0.07
683,0.03,0.025666666666666667,0.12,0.06666666666666668,0.21600000000000003,0.06
684,0.033,0.017,0.10333333333333332,0.06000000000000001,0.242,0.05333333333333334
685,0.033,0.014666666666666666,0.09333333333333334,0.05333333333333334,0.27399999999999997,0.04666666666666667
686,0.024,0.019,0.12666666666666668,0.04666666666666666,0.28800000000000003,0.04
687,0.035,0.019,0.13666666666666666,0.05333333333333334,0.294,0.03666666666666667
688,0.027999999999999997,0.022000000000000002,0.14666666666666667,0.05333333333333334,0.302,0.02333333333333333
689,0.025,0.019666666666666662,0.15666666666666668,0.04,0.28,0.02666666666666667
690,0.0275,0.019666666666666662,0.19166666666666665,0.04,0.254,0.021666666666666667
691,0.03,0.019666666666666662,0.22666666666666666,0.04,0.228,0.016666666666666666
692,0.026000000000000002,0.013999999999999999,0.21666666666666667,0.04,0.204,0.02333333333333333
693,0.019,0.01633333333333333,0.2633333333333333,0.04666666666666666,0.162,0.02333333333333333
694,0.027000000000000003,0.01633333333333333,0.32,0.05333333333333334,0.11199999999999999,0.02333333333333333
695,0.027000000000000003,0.021333333333333333,0.32,0.06000000000000001,0.092,0.02
696,0.026000000000000002,0.031,0.52,0.07333333333333332,0.008,0.013333333333333334
697,0.029,0.03183333333333333,0.4683333333333334,0.06666666666666667,0.009000000000000001,0.013333333333333334
698,0.032,0.03266666666666666,0.4166666666666667,0.06000000000000001,0.01,0.013333333333333334
699,0.039,0.018666666666666668,0.4133333333333333,0.05333333333333334,0.016,0.006666666666666667
700,0.034,0.032,0.4266666666666667,0.04666666666666666,0.013999999999999999,0.01
701,0.044000000000000004,0.027666666666666662,0.4533333333333333,0.04666666666666666,0.004,0.016666666666666666
702,0.055,0.09933333333333333,0.34,0.04,0.048,0.02
703,0.078,0.215,0.2,0.03333333333333333,0.114,0.016666666666666666
